text,label
"I am not so much like Love Sick as I image. Finally the film express sexual relationship of Alex, kik, Sandu their triangle love were full of intenseness, frustration and jealous, at last, Alex waked up and realized that they would not have result and future.Ending up was sad.<br /><br />The director Tudor Giurgiu was in AMC theatre on Sunday 12:00PM on 08/10/06, with us watched the movie together. After the movie he told the audiences that the purposed to create this film which was to express the sexual relationships of Romanian were kind of complicate.<br /><br />On my point of view sexual life is always complicated in everywhere, I don't feel any particular impression and effect from the movie. The love proceeding of Alex and Kiki, and Kiki and her brother Sandu were kind of next door neighborhood story.<br /><br />The two main reasons I don't like this movie are, firstly, the film didn't told us how they started to fall in love? Sounds like after Alex moved into the building which Kiki was living, then two girls are fall in love. It doesn't make sense at all. How a girl would fall in love with another girl instead of a man. Too much fragments, you need to image and connect those stories by your mind. Secondly, The whole film didn't have a scene of Alex and Kik's sexual intercourse, that 's what I was waiting for. However, it still had some parts were deserved to recommend. The ""ear piercing "" part was kind of interesting. Alex was willing to suffer the pain of ear piercing to appreciate kik's love. That was a touching scene which gave you a little idea of their love. Also, the scene of they were lying in the soccer field, the conversation express their loves were truthful and passionate.",0
"I am not so much like Love Sick as I image. Finally the film express sexual relationship of Alex, kik, Sandu their triangle love were full of intenseness, frustration and jealous, at last, Alex waked up and realized that they would not have result and future.Ending up was sad.<br /><br />The director Tudor Giurgiu was in AMC theatre on Sunday 12:00PM on 08/10/06, with us watched the movie together. After the movie he told the audiences that the purposed to create this film which was to express the sexual relationships of Romanian were kind of complicate.<br /><br />On my point of view sexual life is always complicated in everywhere, I don't feel any particular impression and effect from the movie. The love proceeding of Alex and Kiki, and Kiki and her brother Sandu were kind of next door neighborhood story.<br /><br />The two main reasons I don't like this movie are, firstly, the film didn't told us how they started to fall in love? Sounds like after Alex moved into the building which Kiki was living, then two girls are fall in love. It doesn't make sense at all. How a girl would fall in love with another girl instead of a man. Too much fragments, you need to image and connect those stories by your mind. Secondly, The whole film didn't have a scene of Alex and Kik's sexual intercourse, that 's what I was waiting for. However, it still had some parts were deserved to recommend. The ""ear piercing "" part was kind of interesting. Alex was willing to suffer the pain of ear piercing to appreciate kik's love. That was a touching scene which gave you a little idea of their love. Also, the scene of they were lying in the soccer field, the conversation express their loves were truthful and passionate.",0
"What was an exciting and fairly original series by Fox has degraded down to meandering tripe. During the first season, Dark Angel was on my weekly ""must see"" list, and not just because of Jessica Alba.<br /><br />Unfortunately, the powers-that-be over at Fox decided that they needed to ""fine-tune"" the plotline. Within 3 episodes of the season opener, they had totally lost me as a viewer (not even to see Jessica Alba!). I found the new characters that were added in the second season to be too ridiculous and amateurish. The new plotlines were stretching the continuity and credibility of the show too thin. On one of the second season episodes, they even had Max sleeping and dreaming - where the first season stated she biologically couldn't sleep.<br /><br />The moral of the story (the one that Hollywood never gets): If it works, don't screw with it!<br /><br />azjazz",0
"Awful, simply awful. It proves my theory about ""star power."" This is supposed to be great TV because the guy who directed (battlestar) Titanica is the same guy who directed this shlop schtock schtick about a chick. B O R I N G.<br /><br />Find something a thousand times more interesting to do - like watch your TV with no picture and no sound. 1/10 (I rated it so high b/c there aren't any negative scores in the IMDb.com rating system.)<br /><br />-Zaphoid<br /><br />PS: My theory about ""star power"" is: the more ""star power"" used in a show, the weaker the show is. (It's called an indirect proportionality: quality 1/""star power"", less ""sp"" makes for better quality, etc. Another way to look at it is: ""more is less."")<br /><br />-Z",0
"God, I was bored out of my head as I watched this pilot. I had been expecting a lot from it, as I'm a huge fan of James Cameron (and not just since ""Titanic"", I might add), and his name in the credits I thought would be a guarantee of quality (Then again, he also wrote the leaden Strange Days..). But the thing failed miserably at grabbing my attention at any point of its almost two hours of duration. In all that time, it barely went beyond its two line synopsis, and I would be very hard pressed to try to figure out any kind of coherent plot out of all the mess of strands that went nowhere. On top of that, I don't think the acrobatics outdid even those of any regular ""A-Team"" episode. As for Alba, yes, she is gorgeous, of course, but the fact that she only displays one single facial expression the entire movie (pouty and surly), makes me also get bored of her ""gal wit an attitude"" schtick pretty soon. You can count me out of this one, Mr. Cameron!",0
"Wow, here it finally is; the action ""movie"" without action. In a real low-budget setting (don't miss the hilarious flying saucers flying by a few times) of a future Seattle we find a no-brain hardbody seeking to avenge her childhood.<br /><br />There is nothing even remotely original or interesting about the plot and the actors' performance is only rivalled in stupidity by the attempts to steal from other movies, mainly ""Matrix"" without having the money to do it right. Yes, we do get to see some running on walls and slow motion shoot-outs (45 secs approx.) but these scenes are about as cool as the stupid hardbody's attempts at making jokes about male incompetence now and then.<br /><br />And, yes, we are also served a number of leads that lead absolutely nowhere, as if the script was thought-out by the previously unseen cast while shooting the scenes.<br /><br />Believe me, it is as bad as it possibly can get. In fact, it doesn't deserve to be taken seriously, but perhaps I can make some of you not rent it and save your money.",0
"I'm trying to picture the pitch for Dark Angel. ""I'm thinking Matrix, I'm thinking Bladerunner, I'm thinking that chick that plays Faith in Angel, wearing shiny black leather - or some chick just like her, leave that one with us. Only - get this! - we'll do it without any plot, dialogue, character, decent action or budget, just some loud bangs and a hot chick in shiny black leather straddling a big throbbing bike. Fanboys dig loud bangs and hot chicks in shiny black leather straddling big throbbing bikes, right?""<br /><br />Flashy, shallow, dreary, formulaic, passionless, tedious, dull, dumb, humourless, desultory, barely competent. Live action anime without any action, or indeed any life. SF just the way Joe Fanboy likes it, in fact. :(",0
"I sat through almost one episode of this series and just couldn't take anymore. It felt as though I'd watched dozens of episodes already, and then it hit me.....There's nothing new here! I've heard that joke on Seinfeld, I saw someone fall like that on friends, an episode of Happy Days had almost the same storyline, ect. None of the actors are interesting here either! Some were good on other shows (not here), and others are new to a profession they should have never entered. Avoid this stinker!",0
"Holy freaking God all-freaking-mighty. This movie was so bad, I thought I was on drugs. In a bad way... The character acting is the poorest thing I've seen in quite some time. This movie was more akin to Lord of the G-Strings, IMHO(it's a real movie). Most of the movie appeared to be done on a horrible green screen. My favorite part was when they are in the carriage, and you can tell there's no horse. They're fleeing from alien monsters, and going about the same speed as a swift jog. Then it switches to a far-shot with a ridiculous CG horse. And the CG in general seems to be sub-par to 1992's Beyond the Mind's Eye. I mean, Come on, really. It felt like a horrible episode of Hercules, only without Kevin Sorbo there to save the day. Worst. Movie. Ever.",0
"Holy freaking God all-freaking-mighty. This movie was so bad, I thought I was on drugs. In a bad way... The character acting is the poorest thing I've seen in quite some time. This movie was more akin to Lord of the G-Strings, IMHO(it's a real movie). Most of the movie appeared to be done on a horrible green screen. My favorite part was when they are in the carriage, and you can tell there's no horse. They're fleeing from alien monsters, and going about the same speed as a swift jog. Then it switches to a far-shot with a ridiculous CG horse. And the CG in general seems to be sub-par to 1992's Beyond the Mind's Eye. I mean, Come on, really. It felt like a horrible episode of Hercules, only without Kevin Sorbo there to save the day. Worst. Movie. Ever.",0
"The story and the show were good, but it was really depressing and I hate depressing movies. Ri'Chard is great. He really put on a top notch performance, and the girl who played his sister was really awesome and gorgeous. Seriously, I thought she was Carmen Electra until I saw the IMDb profile. I can't say anything bad about Peter Galleghar. He's one of my favorite actors. I love Anne Rice. I'm currently reading the Vampire Chronicles, but I'm glad I saw the movie before reading the book. This is a little too""real"" for me. I prefer Lestat and Louis's witty little tiffs to the struggles of slaves. Eartha Kitt was so creepy and after her character did what she did The movie was ruined for me; I could barely stand to watch the rest of the show. (sorry for the ambiguity, but I don't want to give anything away) Sorry, but it's just not my type of show.",0
"The story and the show were good, but it was really depressing and I hate depressing movies. Ri'Chard is great. He really put on a top notch performance, and the girl who played his sister was really awesome and gorgeous. Seriously, I thought she was Carmen Electra until I saw the IMDb profile. I can't say anything bad about Peter Galleghar. He's one of my favorite actors. I love Anne Rice. I'm currently reading the Vampire Chronicles, but I'm glad I saw the movie before reading the book. This is a little too""real"" for me. I prefer Lestat and Louis's witty little tiffs to the struggles of slaves. Eartha Kitt was so creepy and after her character did what she did The movie was ruined for me; I could barely stand to watch the rest of the show. (sorry for the ambiguity, but I don't want to give anything away) Sorry, but it's just not my type of show.",0
"You know all those letters to ""Father Christmas"" and ""Jesus"" that are sent every year? Well, it turns out that they are not actually delivered but dropped off in a half-forgotten corner of the post office to rot unless some bright spark figures out a way of posting them. As bizarre settings go, it's a winner and one which perfectly fits the strange movie that is ""Dead Letter Office"". Having said that, this is obviously an Australian film as opposed to a British one. If it was Royal Mail, most letters get this sort of treatment anyway. I haven't been in this flat for two years and we're still getting letters for a Mr Wang, some female priest of the Church of Latter Day I've-Never-Heard-Of-You and various catalogues for industrial equipment addressed to a plumbing company.<br /><br />""Dead Letter Office"" (the name given to the place where undeliverable mail ends up) follows the story of Alice (Miranda Otto) who grows up in a seriously divided home. Writing to her absent father, she only learns in adulthood that her letters haven't been delivered for one reason or another. So, logically, she gets a job at the D.L.O. and finds herself working alongside other social rejects including the brooding Chilean immigrant Frank Lopez (George Del Hoyo). Slowly, she finds herself drawn to him but can she find out where her dad is without bringing the self-contained world of the Dead Letters Office to its knees?<br /><br />Nothing against this film but I was reminded of the god-awful Heather Graham film ""Committed"" while watching this. However, this is so much better than that pile of horse crap but then again, that ain't difficult. For a start, this film is much more logical. True, the metaphors are somewhat blatant and the underflowing symbolism quickly becomes a flood. But at least this is cohesive and quirky without being complete drivel. It is also well acted. Both Otto and Del Hoyo are very good as the lovers looking for something they know they'll never find while other characters are peripheral at best. Part of the trouble is that it seems to wrap up far too quickly, leaving this viewer somewhat disappointed. The other part is that when you consider Australia's draconian immigration policy (i.e. if you don't speak English, rack off!), such a story is unlikely to take place in reality. The other characters, sadly, also help to destabilise the realism by proving to be little more than odd-ball stereotypes.<br /><br />Despite that, ""Dead Letter Office"" is certainly something a little different. It might not be to everyone's taste but I liked it. Yes, it was hackneyed and predictable but sometimes, it's nice to watch a film without guns or violence or heavy-duty swearing and nudity (no chance of that in an Australian film). There ain't any major laughs, there's no Bullet Time and the characters are usually one-dimensional. But it's the story that counts here and while it's not earth-shattering in its magnificence, it's a pleasant enough way of passing the time. It's the movie equivalent of a Sheryl Crow CD - nice to listen to now and again but you wouldn't really miss it if it wasn't there.",0
"This movie had a IMDB rating of 8.1 so I expected much more from it. It starts out funny and endearing with an energy that feels spontaneous. But before the movie is half-way through, it begins to drag and everything becomes sickingly predictable. The characters in the office were delightful in the first third of the movie, but we get to know them a little too well; they become caricatures, not real people at all. This is the same story I've seen hundreds of times, only told here with slightly different circumstances. The thing is, I could stomach another predictable love story if only the dialog weren't so stale!<br /><br />The only thing that could be worse is if the characters had inconsistent and unbelievable motivations, and unfortunately that was also the case with Dead Letter Office. Hopefully this movie will end up in the Dead Movie Office soon.",0
"'Dead Letter Office' is a low-budget film about a couple of employees of the Australian postal service, struggling to rebuild their damaged lives. Unfortunately, the acting is poor and the links between the characters' past misfortunes and present mindsets are clumsily and over-schematically represented. What's most disappointing of all, however, is the portrayal is life in the office of the film's title: there's no mechanisation whatsoever, and it's quite impossible to ascertain what any of the staff really do for a living. Granted, part of the plot is that the office is threatened with closure, but this sort of office surely closed in the 1930s, if it ever truly existed. It's a shame, as the film's overall tone is poignant and wry, and there's some promise in the scenario: but few of the details convince. Overall, it feels the work of someone who hasn't actually experienced much of real life; a student film, with a concept and an outline, but sadly little else.",0
"I have been familiar with the fantastic book of 'Goodnight Mister Tom' for absolutely ages and it was only recently when I got the chance to watch this adaption of it. I have heard lots of positive remarks about this, so I had high hopes. Once this film had finished, I was horrified.<br /><br />This film is not a good film at all. 'Goodnight Mister Tom' was an extremely poor adaption and practically 4.5/10 of the book was missed out. Particularly, I found that a lot of the characters and some great scenes in the book were not in this. There was not much dialogue, It was rushed and far too fast-moving, but I was mostly upset by the fact that you never got to see the bonding and love between William Beech and Tom in this film which was a true let down. The casting was not all that good,either. I thought this could have been really good, but it was so different to the book! Anextremely poor adaption, one of the worst I've seen. This deserves a decent remake that'd better be 1000 times better than this pile of garbage.",0
"Goodnight, Mister Tom begins in an impossibly exquisite village in the south of England where the sun always seems to shine. Before we have much idea of the period we hear a radio announcement of the declaration of World War II. Soon a train blowing clouds of steam brings refugee children from London and when shy little William is billeted with reluctant, gruff old Tom (who you just know will turn out to have a heart of gold) our tale begins.<br /><br />And what a load of sentimental claptrap it is. In fact it's just the old odd-couple buddy formula. Aren't any new stories being written?<br /><br />As I suggested there's hardly any period feel in the village and not much more in London apart from the odd old ambulance rattling around. And certainly no hint of the horror of the Blitz as London's citizens file politely into air-raid shelters. Even when the local schoolteacher's husband is declared missing presumed killed, he is later restored to life.<br /><br />I found `Goodnight, Mister Tom' cliched and obvious and John Thaw's accent conjured up a picture of Ronnie Barker of the Two Ronnies with a straw in his mouth doing his `country bumpkin' accent.<br /><br />Incidentally my wife enjoyed this movie for all the reasons that I disliked it and looking at fellow-imdb reviewers I seem to be in a minority of one.<br /><br />",0
"Do we really need any more narcissistic garbage on the Baby Boomer generation? Technically, I am a Boomer, though at the time when all the ""idealistic youths"" of the '60s were reading Marx, burning their draft cards, and generally prolonging a war which destroyed tens of thousands of lives; I was still in grade school. But I remember them well, and 9 out of 10 were just moronic fools, who would believe anything as long as it was destructive.<br /><br />This is just another excercise in self-importance from the kids who never really grew up.",0
"Is there any other time period that has been so exhaustively covered by television (or the media in general) as the 1960s? No. And do we really need yet another trip through that turbulent time? Not really. But if we must have one, does it have to be as shallow as ""The '60s""? <br /><br />I like to think that co-writers Bill Couturie and Robert Greenfield had more in mind for this two-part miniseries than what ultimately resulted, especially given Couturie's involvement in the superb HBO movie ""Dear America: Letters Home From Vietnam"" which utilized little original music and no original footage, letting the sights and sounds of the time speak for themselves. This presentation intercuts file footage with the dramatic production, but it doesn't do anyone any favours by trying to do too much in too little time; like so many of its ilk, it's seen from the point of view of one family. But the children of the family seem to be involved tangentially with almost every major event of the '60s (it's amazing that one of them doesn't go to the Rolling Stones gig at Altamont), making it seem less like a period drama and more like a Cliff Notes version of the decade.<br /><br />The makers rush through it so much that there's little or no time to give the characters any character, with the stick figures called our protagonists off screen for ages at a time - the children's father is especially clichéd - and then when they're back on BLAMMO! it's something else. Garry Trudeau could teach the filmmakers a thing or two about doing this kind of thing properly. In fairness, Jerry O'Connell, Jordana Brewster, Jeremy Sisto, Julia Stiles and Charles S. Dutton give their material the old college try, but they're wasted (especially the latter two); it's undeniably good to see David Alan Grier in a rare straight role as activist Fred Hampton, and Rosanna Arquette (in an uncredited cameo in part 2) is always welcome.<br /><br />What isn't welcome is how ""The '60s"" drowns the soundtrack with so many period songs that it ultimately reduces its already minimal effect (and this may well be the only time an American TV presentation about post-60s America never mentions the British Invasion - no Beatles, no Rolling Stones... then again, there's only so much tunes you can shoehorn into a soundtrack album, right?). Capping its surface-skimming approach to both the time and the plot with an almost out-of-place happy ending, ""American Dreams"" and ""The Wonder Years"" did it all much, much better. Nothing to see here you can't see elsewhere, people... except for Julia Stiles doing the twist, that is.",0
"The 1960's were a time of change and awakening for most people. Social upheaval and unrest were commonplace as people spoke-out about their views. Racial tensions, politics, the Vietnam War, sexual promiscuity, and drug use were all part of the daily fabric, and the daily news. This film attempted to encapsulate these historical aspects into an entertaining movie, and largely succeeded.<br /><br />In this film, two families are followed: one white, one black. During the first half of the film, the story follows each family on a equal basis through social and family struggles. Unfortunately, the second half of the movie is nearly dedicated to the white family. Admittedly, there are more characters in this family, and the story lines are intermingled, but equal consideration is not given to the racial aspects of this century.<br /><br />On the whole, the acting is well done and historical footage is mixed with color and black and white original footage to give a documentary feel to the movie. The movie is a work of fiction, but clips of well-known historical figures are used to set the time-line.<br /><br />I enjoyed the movie but the situations were predictable and the storyline was one-sided.",0
"The 60s (1999) D: Mark Piznarski. Josh Hamilton, Julia Stiles, Jerry O'Connell, Jeremy Sisto, Jordana Brewster, Leonard Roberts, Bill Smitrovich, Annie Corley, Charles S. Dutton. NBC mini-series (later released to video/DVD as full length feature film) about the treacherous 1960s, as seen through the eyes of both a white family and a black family. The film's first half is driven by the excellent performance of Dutton as Reverend Willie Taylor and evenly spreads the storyline between the families. However, Dutton's character is killed halfway through and the black family is completely forgotten in a dull, incoherent, and downright awful 2nd half. RATING: 4 out of 10. Not rated (later rated PG-13 for video/DVD release).",0
"I like a lot of the actors/actresses involved in this project so being insulted by the movie felt even worse than if they used a unknowns .The main problem was this movie was clearly just a concept created to appeal to baby boomers .In 20 or 30 years Nbc will probably do a movie just like this about the early 90's . I can see it now a black family where the kids are involved with the la riot's and the white family has the kids rebel and listen to grunge rock music .The soundtrack will feature bands like Nirvana , N.W.A , Public Enemy , Soundgarden etc .The movie like this will be just as cheesy as The 60's and I gurantee you NBC will do it .See the biggest problem with period pieces when done buy networks is that when you are living in a certain time period you aren't thinking i am living in the 60's or whatever decade is trendy retro at the time .Next time someone does something like this they should put more weight into there project",0
"The '60s is an occasionally entertaining film, most of this entertainment is from laughing at the film. It is extremely uneven, and includes many annoying elements. Take for instance the switch between black & white, and color. If done right, this could of been fairly effective, but because it was done poorly , it turned into a nuisance and only detracted from the already bad experience; much of the film had an odd feel to it. The acting wasn't extremely bad for a made for TV flick, but then again it was downright embarrassing at other times. Many of the events were not coherent, and ending up being confusing. How did this family somehow end up being at many of the big events during the 1960's? The ending was much too sappy for my tastes; because it was hollywoodized, everything had to turn out right in the end. I would advise you to not waste your time on The '60s and do something else with your time. I'm glad I watched this in class, and not on my own time. I think I can safely say that the best part of the movie was the inclusion of Bob Dylan's music. Those are just my rambling thoughts on the flick. I hope you take my advice, and stay away from this.",0
"Even if you could get past the idea that these boring characters personally witnessed every Significant Moment of the 1960s (ok, so Katie didn't join the Manson Family, and nobody died at Altamont), this movie was still unbelievably awful. I got the impression that the ""writers"" just locked themselves in a room and watched ""Forrest Gump,"" ""The Wonder Years,"" and Oliver Stone's 60s films over and over again and called it research. A Canadian television critic called the conclusion of the first episode ""head spinning"". He was right.",0
"Somehow they summed up the 60's, ten years that radically changed our country, in four hours. And what a painful four hours it was. They trivilized the major events and happenings and they ""claimed"" it was about two families yet you barely saw the african-american family. If I were NBC I would be ashamed and embarrassed for airing such trash. What was amusing was this happy-go-lucky family you saw in the very beginning was tortured in so many ways, but managed to attend every major 60's event through the country. And the second family was such a non-factor. They devoted maybe five or six scenes total to this family. That poor son... Please NBC, do not make any movies about any other eras....leave that to PBS and the History Channel",0
"I watched this movie when Joe Bob Briggs hosted Monstervision on TNT. Even he couldn't make this movie enjoyable. The only reason I watched it until the end is because I teach video production and I wanted to make sure my students never made anything this bad ... but it took all my intestinal fortitude to sit through it though. It's like watching your great grandmother flirting with a 15 year old boy ... excruciatingly painful.<br /><br />If you took the actual film, dipped it in paint thinner, then watched it, it would be more entertaining. Seriously.<br /><br />If you see this movie in the bargin bin at S-Mart, back away from it as if it were a rattlesnake.",0
"I watched this movie when Joe Bob Briggs hosted Monstervision on TNT. Even he couldn't make this movie enjoyable. The only reason I watched it until the end is because I teach video production and I wanted to make sure my students never made anything this bad ... but it took all my intestinal fortitude to sit through it though. It's like watching your great grandmother flirting with a 15 year old boy ... excruciatingly painful.<br /><br />If you took the actual film, dipped it in paint thinner, then watched it, it would be more entertaining. Seriously.<br /><br />If you see this movie in the bargin bin at S-Mart, back away from it as if it were a rattlesnake.",0
"I like Chris Rock, but I feel he is wasted in this film. The idea of remaking Heaven Can Wait is fine, but the filmmakers followed the plot of that turkey too closely. When Eddie Murphy remade Dr. Doolittle and The Nutty Professor, he re-did them totally -- so they became Murphy films/vehicles, not just tepid remakes. That's why they were successful. If Chris had done the same, this could have been a much better film. The few laughs that come are when he is doing his standup routine -- so he might as well have done a concert film. It also would have been much funnier if the white man whose body he inhabits was a truck driver or hillbilly. So why does Hollywood keep making junk like this? Because people go to see it -- because they like Chris Rock. So give Chris a decent script and give us better movies! Don't remake films that weren't that good in the first place!",0
"I like Chris Rock, but I feel he is wasted in this film. The idea of remaking Heaven Can Wait is fine, but the filmmakers followed the plot of that turkey too closely. When Eddie Murphy remade Dr. Doolittle and The Nutty Professor, he re-did them totally -- so they became Murphy films/vehicles, not just tepid remakes. That's why they were successful. If Chris had done the same, this could have been a much better film. The few laughs that come are when he is doing his standup routine -- so he might as well have done a concert film. It also would have been much funnier if the white man whose body he inhabits was a truck driver or hillbilly. So why does Hollywood keep making junk like this? Because people go to see it -- because they like Chris Rock. So give Chris a decent script and give us better movies! Don't remake films that weren't that good in the first place!",0
"You know all those letters to ""Father Christmas"" and ""Jesus"" that are sent every year? Well, it turns out that they are not actually delivered but dropped off in a half-forgotten corner of the post office to rot unless some bright spark figures out a way of posting them. As bizarre settings go, it's a winner and one which perfectly fits the strange movie that is ""Dead Letter Office"". Having said that, this is obviously an Australian film as opposed to a British one. If it was Royal Mail, most letters get this sort of treatment anyway. I haven't been in this flat for two years and we're still getting letters for a Mr Wang, some female priest of the Church of Latter Day I've-Never-Heard-Of-You and various catalogues for industrial equipment addressed to a plumbing company.<br /><br />""Dead Letter Office"" (the name given to the place where undeliverable mail ends up) follows the story of Alice (Miranda Otto) who grows up in a seriously divided home. Writing to her absent father, she only learns in adulthood that her letters haven't been delivered for one reason or another. So, logically, she gets a job at the D.L.O. and finds herself working alongside other social rejects including the brooding Chilean immigrant Frank Lopez (George Del Hoyo). Slowly, she finds herself drawn to him but can she find out where her dad is without bringing the self-contained world of the Dead Letters Office to its knees?<br /><br />Nothing against this film but I was reminded of the god-awful Heather Graham film ""Committed"" while watching this. However, this is so much better than that pile of horse crap but then again, that ain't difficult. For a start, this film is much more logical. True, the metaphors are somewhat blatant and the underflowing symbolism quickly becomes a flood. But at least this is cohesive and quirky without being complete drivel. It is also well acted. Both Otto and Del Hoyo are very good as the lovers looking for something they know they'll never find while other characters are peripheral at best. Part of the trouble is that it seems to wrap up far too quickly, leaving this viewer somewhat disappointed. The other part is that when you consider Australia's draconian immigration policy (i.e. if you don't speak English, rack off!), such a story is unlikely to take place in reality. The other characters, sadly, also help to destabilise the realism by proving to be little more than odd-ball stereotypes.<br /><br />Despite that, ""Dead Letter Office"" is certainly something a little different. It might not be to everyone's taste but I liked it. Yes, it was hackneyed and predictable but sometimes, it's nice to watch a film without guns or violence or heavy-duty swearing and nudity (no chance of that in an Australian film). There ain't any major laughs, there's no Bullet Time and the characters are usually one-dimensional. But it's the story that counts here and while it's not earth-shattering in its magnificence, it's a pleasant enough way of passing the time. It's the movie equivalent of a Sheryl Crow CD - nice to listen to now and again but you wouldn't really miss it if it wasn't there.",0
"This movie had a IMDB rating of 8.1 so I expected much more from it. It starts out funny and endearing with an energy that feels spontaneous. But before the movie is half-way through, it begins to drag and everything becomes sickingly predictable. The characters in the office were delightful in the first third of the movie, but we get to know them a little too well; they become caricatures, not real people at all. This is the same story I've seen hundreds of times, only told here with slightly different circumstances. The thing is, I could stomach another predictable love story if only the dialog weren't so stale!<br /><br />The only thing that could be worse is if the characters had inconsistent and unbelievable motivations, and unfortunately that was also the case with Dead Letter Office. Hopefully this movie will end up in the Dead Movie Office soon.",0
"'Dead Letter Office' is a low-budget film about a couple of employees of the Australian postal service, struggling to rebuild their damaged lives. Unfortunately, the acting is poor and the links between the characters' past misfortunes and present mindsets are clumsily and over-schematically represented. What's most disappointing of all, however, is the portrayal is life in the office of the film's title: there's no mechanisation whatsoever, and it's quite impossible to ascertain what any of the staff really do for a living. Granted, part of the plot is that the office is threatened with closure, but this sort of office surely closed in the 1930s, if it ever truly existed. It's a shame, as the film's overall tone is poignant and wry, and there's some promise in the scenario: but few of the details convince. Overall, it feels the work of someone who hasn't actually experienced much of real life; a student film, with a concept and an outline, but sadly little else.",0
"Les Visiteurs, the first movie about the medieval time travelers was actually funny. I like Jean Reno as an actor, but there was more. There were unexpected twists, funny situations and of course plain absurdness, that would remind you a little bit of Louis de Funes.<br /><br />Now this sequel has the same characters, the same actors in great part and the same time traveling. The plot changes a little, since the characters now are supposed to be experienced time travelers. So they jump up and down in history, without paying any attention to the fact that it keeps getting absurder as you advance in the movie. The duke, Jean Reno, tries to keep the whole thing together with his playing, but his character has been emptied, so there's not a lot he can do to save the film.<br /><br />Now the duke's slave/helper, he has really all the attention. The movie is merely about him and his being clumsy / annoying / stupid or whatever he was supposed to be. Fact is; this character tries to produce the laughter from the audience, but he does not succeed. It is as if someone was telling you a really very very bad joke, you already know, but he insists on telling that joke till the end, adding details, to make your suffering a little longer.<br /><br />If you liked Les Visiteurs, do not spoil the taste in your mouth with the sequel. If you didn't like Les Visiteurs, you would never consider seeing the sequel. If you liked this sequel... well, I suppose you still need to see a lot of movies.",0
"In a way, Corridors of Time is a success story because the movie reaches its goal : being seen by thousands. But it fails at making them laugh...<br /><br />Les Visiteurs has had its success, because the subject was an original way of considering the time travel : forget about Zemeckis's Back to the future, here comes the old France, the middle-age knight and its nearly barbaric way of life. Full of pride, funny thanks to the ancient words he uses, Montmirail can sometimes be disgusting but he keeps his honor. Then comes the sequel.<br /><br />Nobody had foreseen the tremendous success of Les Visiteurs, the first. And it's no use being a movie expert to realize that the Corridors of Time has been made for money.<br /><br />The general story begins after the end of Les Visiteurs, and immediately tries to justify the sequel with a time paradox that would have needed some second tought. Explanation : it's no use trying to get back the jewelry Jacquouille has stolen ; don't you remember this nice red shiny and expensive car he bought at the end of the 1st episode ? Where do you think he found the money ? Selling the jewelry... And that's only one of many holes Poiré tries to avoid... and fails.<br /><br />Let's have a look at the characters : Montmirail doesn't change, he's just a little more boring. Regarding Frenegonde... that's another story : Valérie Lemercier decided not to compromise herself in this sequel to avoid getting stuck in the bourgeoise role. And Muriel Robin tries to imitate her in a way that I found so pitiful I nearly felt pain for her. And Poiré doesn't realize that a cast of humorists isn't enough to make a good comedy.<br /><br />Forget about the time travels, about the digital effects, concentrate on the story and you'll see that there's enough room on a mail stamp to write it 10 times.<br /><br />The main interest of this film is the landscapes. A movie for youngsters, let's say up to 13 years old.",0
"This film is so bad and gets worse in every imaginable fashion. Its not just the poor acting and script nor is it the lame and perverse time one wastes on watching it. What really puts this film in my hall of shame is the apparent struggling that the writers and producers do with the film to try and make it funny. The actress replacing Jean Reno's descendant is to old and learned her lesson in the first film so they add a new girl who is to be married. Nearly all of the original extras and gags return however this time makes me want to ripe my eyes out of my sockets because it's a waste of perfectly good film. The torture of the constant camera cuts and shots in any scene in this movie can put the viewer into violent convolutions. This second film takes the successful original and drags it out of its coffin and parades the corpse out in the public square and perversely degrades not only the original idea and its legacy but our intelligence as well. This film unlike the spruce goose could not fly for it had no plot in the principals returning for a 'necklace'. No script since it was apparently written and added to daily. No attention to camera or shots in mind. Poor lighting and special effects done for the sake of doing so. This film would not even pass for a student film in basic Film 101. How this pile got through no one can tell. It was a big loosing investment and it appears that no one had the strength to put this unnatural cruel mistake out of our miseries. This movie has one good part ...its END! This film is my #1 worst film of all time, finally ""Howard The Duck"" is no longer the goose.",0
"Everybody who wants to be an editor should watch this movie! It shows you about every mistake not to do in editing a movie! My grandma could have done better than that! But that's not the only reason why this movie is really bad! (It's actually so bad that I'm not able to write a sentence without exclamation mark!) If the first episode of Les Visiteurs' was a quite good familial comedy with funny jokes and cult dialogues, this sequel is copying badly the receipe of the first one. The funny parts could be counted on one hand and maybe half of it. Clavier is over-acting his role even more than in the first part, Robin is trying to act like Lemercier (because she's replacing her) but that's grotesque'. Lemercier is Lemercier, Robin is Robin! Even if Muriel Robin can be funny by herself on stage, she is not in this movie because she's not acting as she used to act. I know that it should be hard to replace somebody who was good in a role (Lemercier obtained a César award for her role in the first movie) but she made a big mistake: instead of playing her role, she played Lemercier playing her role'! As for the story, it's just too much! Of course we knew at he end of the first movie that there would be a sequel but Poiré and Clavier should hae tried to write a more simple story like the first episode. The gags are repetitive, childish and déjà-vu. No, really, there's no more than 3 funny parts in this. The only good things might be the costumes and some special effects. So you have only 2 reasons to watch it: 1) if you want to learn how to edit awfully a movie, 2) if you want to waste your time or if you really need a brainless moment'! 2/10",0
"In 1993, ""the visitors"" was an enormous hit in France. So, the sequence was inevitable and unfortunately, this sequence ranks among the worst ones ever made. <br /><br />This is a movie that doesn't keep its promises. Indeed, it's supposed to tell a sole story. Jean Reno must go in the twentieth century and take Christian Clavier back in the Middle Ages so that time can normally follow its course. The problem is that Clavier feels completely at ease in the world of the twentieth century, and so make him get back in the Middles Ages is rather hard... Instead of this, the movie goes on several other stories without succeeding in following the main plot. As a consequence, the movie becomes sometimes muddle-headed, sometimes a bit of a mess.<br /><br />But the movie also suffers from the performance of nearly all the actors. Reno and Clavier fall into the trap that however they could avoid in the first movie: they're going over the top and become annoying. Then, why did Jean-Marie Poiré the film-maker engage Muriel Robin in the female main role? He made a mistake because she seems ill-at-ease and is absolutely pitiful. The other actors aren't better: Marie-Anne Chazel is nonexistent and Christian Bujeau, unbearable.<br /><br /> Of course, the movie contains a few good moments with efficient gags but it often falls into vulgarity and easiness. Certain sequences and dialogs are affected. It also appears hollow because Poiré takes back elements that secured the success of the first movie. Thus, a young girl takes Reno for a close relative of her family and asks him to take part in her wedding.<br /><br />A labored and disappointing follow-up. Anyway, what's the interest of this movie otherwise commercial?<br /><br />",0
"The original ""les visiteurs"" was original, hilarious, interesting, balanced and near perfect. LV2 must be a candidate for ""Worst first sequel to a really good film"". In LV2 everyone keeps shouting, when a gag doesn't work first it's repeated another 5 times with some vague hope that it will eventually become funny. LV2 is a horrible parody of LV1, except of course that a parody should be inventive. If you loved LV1 just don't see this film, just see LV1 again!!",0
"Corridors of time. The movie you can watch if you're looking for a sophisticated way of suicide. Some use guns, ropes, or gas, but you want to ruin your brains ? Do not wait any longer ! Corridors of time is probably one of the biggest possible mistakes : thinking Christian Clavier is able to act and to bring you fun. I do not miss the 45 francs this poor thing cost me : sometimes, one has to reset its evaluation system looking at the absolute zero. This film deserves a 2/10, but that's only because I like Jean Reno. Too bad for him, he also stars in Ronin. I think I'm gonna dislike him...",0
"The BFG is one of Roald Dahl's most cherished books, but in this animated adaptation the magic just isn't there. This version remains pretty faithful to Dahl's original story so one can't lay the blame on John Hambley's script. If anything the fault lies with the colourless animation, the lethargic pace and the generally lacklustre voice-overs. One would be right to expect this story to make for a happy, vibrant, fun-filled movie..... instead, the film is a hopelessly dull affair that becomes quite tedious to watch. Children who are not familiar with the story should definitely read the book first! All the film will achieve is to put them off read what is actually a children's' classic.<br /><br />Young orphan Sophie (voice of Amanda Root) lives in a none-too-friendly orphanage under the cruel supervision of Mrs Clonkers. One evening she is peering through the window when she spots a massive figure walking stealthily down the village street. The figure realises it has been seen, so it reaches in through the window and scoops Sophie from her bed, placing her into its enormous pocket before fleeing into the night. Sophie soon discovers that she has been kidnapped by a giant from Giant Country, and fears that he will eat her. But to her relief he turns out to be a kind and sensitive member of his species who introduces himself as the BFG (voice of David Jason). The BFG refuses to eat people, instead restricting himself to foul-tasting vegetables known as snozzcumbers. However, Giant Country is populated by numerous other giants who DO feast - every night, as it happens - on poor unsuspecting humans. Sophie and the BFG become great friends, and soon they come up with a plan to thwart the other giants. Together they go to the Queen of England (voice of Angela Thorne) with their remarkable story and beg her to send the army and the air force to fight the man-eating giants. The Queen agrees and so begins a dangerous operation to capture the bad giants before they can harm anyone else.<br /><br />Jason voices the BFG quite well (one of the few pluses in the film) but his good work is almost ruined by somewhat poor sound quality. The rest of the voice work is decidedly uninspired, with very little to bring the characters to life. Similarly, the BFG is the only character that is imaginatively animated - Sophie lacks appeal, and the giants are boringly designed (and look almost indistinguishable from each other). Even the places are uninventive; Giant Country especially comes up short, being nothing more than a barren wasteland with occasional rocks and canyons. At 88 minutes the film is not exactly lengthy, yet it drags quite badly in parts due to the soporific handling of several sequences. Little of Dahl's mischievous humour is conveyed satisfactorily. One chapter in the book deals with the BFG's love of ""whizzpopping"" (farting) and is laugh-out-loud hilarious. In the film, the same section is totally killed by unfunny handling. I came to the The BFG expecting lots of zest, fun and enjoyment, but what I got was pretty much the opposite! This one is a failed misfire that simply doesn't match the calibre of the book in any department - unfortunately, therefore, it must go down as one to skip.",0
"It's so sad that Romanian audiences are still populated with vulgar and uneducated individuals who relish this kind of cheap and demonstrative shows, as superficial and brutal as the ""Garcea"" series or the ""Vacanta mare"" child-plays... The difference is that Mugur Mihäescu, Doru Octavian Dumitru and other such sub-artisans never presume to claim their shows as ""art"". Pintilie, who 40 years ago made a very good movie (""Duminicä la ora sase"") followed by another one, nice enough (""Reconstituirea""), tries to declare his film-lenghts ""art works"" - but, unfortunately, he masters at a way too limited level the specifically cinematographic means of expression. As such, ""Niki Ardelean"" offers again a sample of ""HOW NOT"" - this being about its only merit.",0
"This guy has no idea of cinema. Okay, it seems he made a few interestig theater shows in his youth, and about two acceptable movies that had success more of political reasons cause they tricked the communist censorship. This all is very good, but look carefully: HE DOES NOT KNOW HIS JOB! The scenes are unbalanced, without proper start and and, with a disordered content and full of emptiness. He has nothing to say about the subject, so he over-licitates with violence, nakedness and gutter language. How is it possible to keep alive such a rotten corpse who never understood anything of cinematographic profession and art? Why don't they let him succumb in piece?",0
"Yes, he is! ...No, not because of Pintilie likes to undress his actors and show publicly their privies. Pintilie IS THE naked ""emperor"" - so to speak...<br /><br />It's big time for someone to state the truth. This impostor is a voyeur, a brat locked in an old man's body. His abundance of nude scenes have no artistic legitimacy whatsoever. It is 100% visual perversion: he gets his kicks by making the actors strip in the buff and look at their willies. And if he does this in front of the audience, he might eve get a hard-on! Did you know that, on the set of ""Niki Ardelean"", he used to embarrass poor Coca Bloss, by telling her: ""Oh, Coca, how I wanna f*** you!""? She is a great lady, very decent and sensitive, and she became unspeakably ashamed - to his petty satisfaction! And, as a worrying alarm signal about the degree of vulgarity and lack of education in Romanian audiences, so many people are still so foolish to declare these visual obscenities ""works of art""! Will anyone have ever the decency to expose the truth of it all?",0
"Terminus Paradis was exceptional, but ""Niki ardelean"" comes too late. We already have enough of this and we want something new.<br /><br />Big directors should have no problems seeing beyond their time, not behind. Why people see Romania only as a postrevolutionary country?<br /><br />We are just born not reincarnated, and nobody gives a s**t anymore about old times. Most people dont remember or dont want to remember, and the new generation of movie consumers dont understand a bit. This should be the first day of romanian movie not the final song - priveghi! Maybe younger directors should make the move.",0
"this movie begins with an ordinary funeral... and it insists so hard on this ordinary funeral feel that i lost interest within 5 minutes of watching, and started skipping scenes. it seems to me whomever made this movie is afflicted to the extent of becoming trapped in a permanent morbid trance, unable to contemplate anything else but death and destruction. well, i ain't one of the dark kids from Southpark, i want a movie that within 10 minutes gets me well into an interesting story, i won't sit and watch 10 minutes of nothing but preparations for a funeral.. my grandma on her last years was fascinated by funerals, perhaps she might have enjoyed this ""movie"".",0
"I saw this movie twice. I can't believe Pintilie made such a fantasy movie. I'm also a movie/theatre director and I know what I speak. This is not Romania anymore, but I see the events are happening in the same period with the incident from 11 September. No story, no plot, nothing. No conclusion, no message, nothing profound, nothing hidden. Just empty images.<br /><br />What most of Romanians don't know, this movie is for the french viewers, not for us. They really believe that is the reality in Romania. Also for teenagers. Pintilie should stop making movies. I don't really know if we can call this a movie, maybe a horror :) And we wonder why we've got such an image in Europe. This WAS a reality, but isn't anymore. A good friend of mine from the Brithish embassy said: ""You have no idea what a long way Romanian people walked from Ceausescu"".",0
"I find it rather useless to comment on this ""movie"" for the simplest reason that it has nothing to comment upon.It's similar to a rotten egg which has nothing good to show to the world excerpt for the fact that it is rotten as other endless number of eggs have been before it. But since a comment is mandatory for such a grandiose insignificance ... <br /><br />Filth is definitely the proper word to describe this movie created in the same manner as any other Romanian ""movie"" directed by Lucian Pintilie who insists to depict the so called ""Romanian reality"" following the Communist era (1990 to present days).<br /><br />Under no circumstances recommended for people outside Romania as for the others (who lately find amateurish camera, lack of plot, lack of directorial / actors's quality etc, noise etc. as being trendy and even art-like) : watch & enjoy this ""movie"" (as I know you will) but do the other well intentioned IMDb members a favor, don't write an online review for it will misguide, irritate and in the end waste their time.<br /><br />On the other hand this movie (among others) has some value whatsoever, an educational one for it sets the example for : ""How NOT to make a movie.""",0
"It's very sad that Lucian Pintilie does not stop making movies. They get worse every time. Niki and Flo (2003) is a depressing stab at the camera. It's unfortunate that from the many movies that are made yearly in Romania , the worst of them get to be sent abroad ( e.g. Chicago International Film Festival). This movie without a plot , acting or script is a waste of time and money. Score: 0.02 out of 10.",0
"There is no reason to see this movie. A good plot idea is handled very badly. In the middle of the movie everything changes and from there on nothing makes much sense. The reason for the killings are not made clear. The acting is awful. Nick Stahl obviously needs a better director. He was excellent in In the Bedroom, but here he is terrible. Amber Benson from Buffy, has to change her character someday. Even those of you who enjoy gratuitous sex and violence will be disappointed. Even though the movie was 80 minutes, which is too short for a good movie (but too long for this one),there are no deleted scenes in the DVD which means they never bothered to fill in the missing parts to the characters.<br /><br />Don't spend the time on this one.",0
"There is no reason to see this movie. A good plot idea is handled very badly. In the middle of the movie everything changes and from there on nothing makes much sense. The reason for the killings are not made clear. The acting is awful. Nick Stahl obviously needs a better director. He was excellent in In the Bedroom, but here he is terrible. Amber Benson from Buffy, has to change her character someday. Even those of you who enjoy gratuitous sex and violence will be disappointed. Even though the movie was 80 minutes, which is too short for a good movie (but too long for this one),there are no deleted scenes in the DVD which means they never bothered to fill in the missing parts to the characters.<br /><br />Don't spend the time on this one.",0
"This was one of the lamest movies we watched in the last few months with a predictable plot line and pretty bad acting (mainly from the supporting characters). The interview with Hugh Laurie on the DVD was actually more rewarding than the film itself...<br /><br />Hugh Laurie obviously put a lot of effort into learning how to dance the Samba but the scope of his character only required that he immerse himself at the kiddie end of the pool. The movie is based on the appearance of a lovely girl and great music but these are not sufficient to make good entertainment.<br /><br />If you have never seen Rio, or the inside of a British bank, this film is for you. 2 out of 10.",0
"Do we really need any more narcissistic garbage on the Baby Boomer generation? Technically, I am a Boomer, though at the time when all the ""idealistic youths"" of the '60s were reading Marx, burning their draft cards, and generally prolonging a war which destroyed tens of thousands of lives; I was still in grade school. But I remember them well, and 9 out of 10 were just moronic fools, who would believe anything as long as it was destructive.<br /><br />This is just another excercise in self-importance from the kids who never really grew up.",0
"Is there any other time period that has been so exhaustively covered by television (or the media in general) as the 1960s? No. And do we really need yet another trip through that turbulent time? Not really. But if we must have one, does it have to be as shallow as ""The '60s""? <br /><br />I like to think that co-writers Bill Couturie and Robert Greenfield had more in mind for this two-part miniseries than what ultimately resulted, especially given Couturie's involvement in the superb HBO movie ""Dear America: Letters Home From Vietnam"" which utilized little original music and no original footage, letting the sights and sounds of the time speak for themselves. This presentation intercuts file footage with the dramatic production, but it doesn't do anyone any favours by trying to do too much in too little time; like so many of its ilk, it's seen from the point of view of one family. But the children of the family seem to be involved tangentially with almost every major event of the '60s (it's amazing that one of them doesn't go to the Rolling Stones gig at Altamont), making it seem less like a period drama and more like a Cliff Notes version of the decade.<br /><br />The makers rush through it so much that there's little or no time to give the characters any character, with the stick figures called our protagonists off screen for ages at a time - the children's father is especially clichéd - and then when they're back on BLAMMO! it's something else. Garry Trudeau could teach the filmmakers a thing or two about doing this kind of thing properly. In fairness, Jerry O'Connell, Jordana Brewster, Jeremy Sisto, Julia Stiles and Charles S. Dutton give their material the old college try, but they're wasted (especially the latter two); it's undeniably good to see David Alan Grier in a rare straight role as activist Fred Hampton, and Rosanna Arquette (in an uncredited cameo in part 2) is always welcome.<br /><br />What isn't welcome is how ""The '60s"" drowns the soundtrack with so many period songs that it ultimately reduces its already minimal effect (and this may well be the only time an American TV presentation about post-60s America never mentions the British Invasion - no Beatles, no Rolling Stones... then again, there's only so much tunes you can shoehorn into a soundtrack album, right?). Capping its surface-skimming approach to both the time and the plot with an almost out-of-place happy ending, ""American Dreams"" and ""The Wonder Years"" did it all much, much better. Nothing to see here you can't see elsewhere, people... except for Julia Stiles doing the twist, that is.",0
"The 1960's were a time of change and awakening for most people. Social upheaval and unrest were commonplace as people spoke-out about their views. Racial tensions, politics, the Vietnam War, sexual promiscuity, and drug use were all part of the daily fabric, and the daily news. This film attempted to encapsulate these historical aspects into an entertaining movie, and largely succeeded.<br /><br />In this film, two families are followed: one white, one black. During the first half of the film, the story follows each family on a equal basis through social and family struggles. Unfortunately, the second half of the movie is nearly dedicated to the white family. Admittedly, there are more characters in this family, and the story lines are intermingled, but equal consideration is not given to the racial aspects of this century.<br /><br />On the whole, the acting is well done and historical footage is mixed with color and black and white original footage to give a documentary feel to the movie. The movie is a work of fiction, but clips of well-known historical figures are used to set the time-line.<br /><br />I enjoyed the movie but the situations were predictable and the storyline was one-sided.",0
"The 60s (1999) D: Mark Piznarski. Josh Hamilton, Julia Stiles, Jerry O'Connell, Jeremy Sisto, Jordana Brewster, Leonard Roberts, Bill Smitrovich, Annie Corley, Charles S. Dutton. NBC mini-series (later released to video/DVD as full length feature film) about the treacherous 1960s, as seen through the eyes of both a white family and a black family. The film's first half is driven by the excellent performance of Dutton as Reverend Willie Taylor and evenly spreads the storyline between the families. However, Dutton's character is killed halfway through and the black family is completely forgotten in a dull, incoherent, and downright awful 2nd half. RATING: 4 out of 10. Not rated (later rated PG-13 for video/DVD release).",0
"I like a lot of the actors/actresses involved in this project so being insulted by the movie felt even worse than if they used a unknowns .The main problem was this movie was clearly just a concept created to appeal to baby boomers .In 20 or 30 years Nbc will probably do a movie just like this about the early 90's . I can see it now a black family where the kids are involved with the la riot's and the white family has the kids rebel and listen to grunge rock music .The soundtrack will feature bands like Nirvana , N.W.A , Public Enemy , Soundgarden etc .The movie like this will be just as cheesy as The 60's and I gurantee you NBC will do it .See the biggest problem with period pieces when done buy networks is that when you are living in a certain time period you aren't thinking i am living in the 60's or whatever decade is trendy retro at the time .Next time someone does something like this they should put more weight into there project",0
"The '60s is an occasionally entertaining film, most of this entertainment is from laughing at the film. It is extremely uneven, and includes many annoying elements. Take for instance the switch between black & white, and color. If done right, this could of been fairly effective, but because it was done poorly , it turned into a nuisance and only detracted from the already bad experience; much of the film had an odd feel to it. The acting wasn't extremely bad for a made for TV flick, but then again it was downright embarrassing at other times. Many of the events were not coherent, and ending up being confusing. How did this family somehow end up being at many of the big events during the 1960's? The ending was much too sappy for my tastes; because it was hollywoodized, everything had to turn out right in the end. I would advise you to not waste your time on The '60s and do something else with your time. I'm glad I watched this in class, and not on my own time. I think I can safely say that the best part of the movie was the inclusion of Bob Dylan's music. Those are just my rambling thoughts on the flick. I hope you take my advice, and stay away from this.",0
"Even if you could get past the idea that these boring characters personally witnessed every Significant Moment of the 1960s (ok, so Katie didn't join the Manson Family, and nobody died at Altamont), this movie was still unbelievably awful. I got the impression that the ""writers"" just locked themselves in a room and watched ""Forrest Gump,"" ""The Wonder Years,"" and Oliver Stone's 60s films over and over again and called it research. A Canadian television critic called the conclusion of the first episode ""head spinning"". He was right.",0
"Somehow they summed up the 60's, ten years that radically changed our country, in four hours. And what a painful four hours it was. They trivilized the major events and happenings and they ""claimed"" it was about two families yet you barely saw the african-american family. If I were NBC I would be ashamed and embarrassed for airing such trash. What was amusing was this happy-go-lucky family you saw in the very beginning was tortured in so many ways, but managed to attend every major 60's event through the country. And the second family was such a non-factor. They devoted maybe five or six scenes total to this family. That poor son... Please NBC, do not make any movies about any other eras....leave that to PBS and the History Channel",0
"This show comes up with interesting locations as fast as the travel channel. It is billed as reality but in actuality it is pure prime time soap opera. It's tries to use exotic locales as a facade to bring people into a phony contest & then proceeds to hook viewers on the contestants soap opera style.<br /><br />It also borrows from an early CBS game show pioneer- Beat The Clock- by inventing situations for its contestants to try & overcome. Then it rewards the winner money. If they can spice it up with a little interaction between the characters, even better. While the game format is in slow motion versus Beat The Clock- the real accomplishment of this series is to escape reality. <br /><br />This show has elements of several types of successful past programs. Reality television, hardly, but if your hooked on the contestants, locale or contest, this is your cup of tea. If your not, this entire series is as I say, drivel dripping with gravy. It is another show hiding behind the reality label which is the trend it started in 2000.<br /><br />It is slick & well produced, so it might last a while yet. After all, so do re-runs of Gilligan's Island, Green Acres, The Beverly Hillbillies & The Brady Bunch. This just doesn't employ professional actors. The intelligence level is about the same.",0
"How has this piece of crap stayed on TV this long? It's terrible. It makes me want to shoot someone. It's so fake that it is actually worse than a 1940s sci-fi movie. I'd rather have a stroke than watch this nonsense. I remember watching it when it first came out. I thought, hey this could be interesting, then I found out how absolutely, insanely, ridiculously stupid it really was. It was so bad that I actually took out my pocket knife and stuck my hand to the table.<br /><br />Please people, stop watching this and all other reality shows, they're the trash that is jamming the networks and canceling quality programming that requires some thought to create.",0
"You do realize that you've been watching the EXACT SAME SHOW for eight years, right? I could understand the initial curiosity of seeing strangers co-exist on an Island, but you'd think that after watching unkempt, stink-ladened heroes run roughshod through the bush with an egg on a spoon for half a decade would be enough to get you to commit to something a little more original (and interesting).<br /><br />And I'm not even speaking of the shows validity which for the record I find questionable. It's just hard to suspend disbelief for ""Bushy Bill"" eating a rat when the entire crew of producers and camera people are housed in an air conditioned make-shift bio-dome sipping frosty mochcinno's with moxy.<br /><br />What's the appeal here? I don't care about these people or their meandering lives. I just don't get it. But if you DO find yourself being captivated by hairy, unwashed people, I suggest you turn off your TV and just take a trip to your local bus station where you can see people like this in their TRUE habitat. They call them HOMELESS PEOPLE, and free of charge, you can sit back and marvel in their uncanny ability to retrieve various cigarette debris from a plethora of garbage canisters, eventually striking ""pay-dirt"" and fashioning a homemade Dr. Frankenstein-styled cancer-stick, all the while begging people for change for food when the stink of ""Aqua Velva"" on their breath is enough to suggest otherwise. And the best part? Much like Survivor, every week one member of the tribe ""Leaves"" the ""Island"" when they are unceremoniously sent packing to the local Institution when the frightening unmedicated state of full-blown schizophrenia kicks into gear! Now THAT'S ENTERTAINMENT!",0
"I was one of those ""few Americans"" that grew up with all of Gerry Andersen's marvelous creations. Thunderbirds was a great series for the time and would have made a great action/adventure movie if only the writers could have figured out where to target it.<br /><br />I expected it to be a romp, but I did not expect it to aim at such a low age group. Like Lost in Space, this could have been both visually stunning and exciting. It should have focused on more action/adventure and the goal of the original series... saving people in trouble.<br /><br />Instead, it focused on Alan saving the day instead of his brothers (who were cast too young anyway vs. the original). The breakout part was Lady Penelope and Parker. I didn't care too much for the characters in the original, but I was grateful for them in the movie. They stole the show!<br /><br />I always enjoyed Thunderbirds more for the high-tech than the stories, and even that did not get enough screen time as far as I was concerned. I would have enjoyed seeing more of the cool gadgets.<br /><br />But then, I'm just a big kid... ;)",0
"I was one of those ""few Americans"" that grew up with all of Gerry Andersen's marvelous creations. Thunderbirds was a great series for the time and would have made a great action/adventure movie if only the writers could have figured out where to target it.<br /><br />I expected it to be a romp, but I did not expect it to aim at such a low age group. Like Lost in Space, this could have been both visually stunning and exciting. It should have focused on more action/adventure and the goal of the original series... saving people in trouble.<br /><br />Instead, it focused on Alan saving the day instead of his brothers (who were cast too young anyway vs. the original). The breakout part was Lady Penelope and Parker. I didn't care too much for the characters in the original, but I was grateful for them in the movie. They stole the show!<br /><br />I always enjoyed Thunderbirds more for the high-tech than the stories, and even that did not get enough screen time as far as I was concerned. I would have enjoyed seeing more of the cool gadgets.<br /><br />But then, I'm just a big kid... ;)",0
"This show comes up with interesting locations as fast as the travel channel. It is billed as reality but in actuality it is pure prime time soap opera. It's tries to use exotic locales as a facade to bring people into a phony contest & then proceeds to hook viewers on the contestants soap opera style.<br /><br />It also borrows from an early CBS game show pioneer- Beat The Clock- by inventing situations for its contestants to try & overcome. Then it rewards the winner money. If they can spice it up with a little interaction between the characters, even better. While the game format is in slow motion versus Beat The Clock- the real accomplishment of this series is to escape reality. <br /><br />This show has elements of several types of successful past programs. Reality television, hardly, but if your hooked on the contestants, locale or contest, this is your cup of tea. If your not, this entire series is as I say, drivel dripping with gravy. It is another show hiding behind the reality label which is the trend it started in 2000.<br /><br />It is slick & well produced, so it might last a while yet. After all, so do re-runs of Gilligan's Island, Green Acres, The Beverly Hillbillies & The Brady Bunch. This just doesn't employ professional actors. The intelligence level is about the same.",0
"How has this piece of crap stayed on TV this long? It's terrible. It makes me want to shoot someone. It's so fake that it is actually worse than a 1940s sci-fi movie. I'd rather have a stroke than watch this nonsense. I remember watching it when it first came out. I thought, hey this could be interesting, then I found out how absolutely, insanely, ridiculously stupid it really was. It was so bad that I actually took out my pocket knife and stuck my hand to the table.<br /><br />Please people, stop watching this and all other reality shows, they're the trash that is jamming the networks and canceling quality programming that requires some thought to create.",0
"You do realize that you've been watching the EXACT SAME SHOW for eight years, right? I could understand the initial curiosity of seeing strangers co-exist on an Island, but you'd think that after watching unkempt, stink-ladened heroes run roughshod through the bush with an egg on a spoon for half a decade would be enough to get you to commit to something a little more original (and interesting).<br /><br />And I'm not even speaking of the shows validity which for the record I find questionable. It's just hard to suspend disbelief for ""Bushy Bill"" eating a rat when the entire crew of producers and camera people are housed in an air conditioned make-shift bio-dome sipping frosty mochcinno's with moxy.<br /><br />What's the appeal here? I don't care about these people or their meandering lives. I just don't get it. But if you DO find yourself being captivated by hairy, unwashed people, I suggest you turn off your TV and just take a trip to your local bus station where you can see people like this in their TRUE habitat. They call them HOMELESS PEOPLE, and free of charge, you can sit back and marvel in their uncanny ability to retrieve various cigarette debris from a plethora of garbage canisters, eventually striking ""pay-dirt"" and fashioning a homemade Dr. Frankenstein-styled cancer-stick, all the while begging people for change for food when the stink of ""Aqua Velva"" on their breath is enough to suggest otherwise. And the best part? Much like Survivor, every week one member of the tribe ""Leaves"" the ""Island"" when they are unceremoniously sent packing to the local Institution when the frightening unmedicated state of full-blown schizophrenia kicks into gear! Now THAT'S ENTERTAINMENT!",0
I saw this in the summer of 1990. I'm still annoyed by how bad this movie is in 2001.<br /><br />Implausible plot. You'd have to be a child to think this could happen.<br /><br />I'm just really annoyed by it. Don't see this.,0
I saw this in the summer of 1990. I'm still annoyed by how bad this movie is in 2001.<br /><br />Implausible plot. You'd have to be a child to think this could happen.<br /><br />I'm just really annoyed by it. Don't see this.,0
"It's so sad that Romanian audiences are still populated with vulgar and uneducated individuals who relish this kind of cheap and demonstrative shows, as superficial and brutal as the ""Garcea"" series or the ""Vacanta mare"" child-plays... The difference is that Mugur Mihäescu, Doru Octavian Dumitru and other such sub-artisans never presume to claim their shows as ""art"". Pintilie, who 40 years ago made a very good movie (""Duminicä la ora sase"") followed by another one, nice enough (""Reconstituirea""), tries to declare his film-lenghts ""art works"" - but, unfortunately, he masters at a way too limited level the specifically cinematographic means of expression. As such, ""Niki Ardelean"" offers again a sample of ""HOW NOT"" - this being about its only merit.",0
"This guy has no idea of cinema. Okay, it seems he made a few interestig theater shows in his youth, and about two acceptable movies that had success more of political reasons cause they tricked the communist censorship. This all is very good, but look carefully: HE DOES NOT KNOW HIS JOB! The scenes are unbalanced, without proper start and and, with a disordered content and full of emptiness. He has nothing to say about the subject, so he over-licitates with violence, nakedness and gutter language. How is it possible to keep alive such a rotten corpse who never understood anything of cinematographic profession and art? Why don't they let him succumb in piece?",0
"Yes, he is! ...No, not because of Pintilie likes to undress his actors and show publicly their privies. Pintilie IS THE naked ""emperor"" - so to speak...<br /><br />It's big time for someone to state the truth. This impostor is a voyeur, a brat locked in an old man's body. His abundance of nude scenes have no artistic legitimacy whatsoever. It is 100% visual perversion: he gets his kicks by making the actors strip in the buff and look at their willies. And if he does this in front of the audience, he might eve get a hard-on! Did you know that, on the set of ""Niki Ardelean"", he used to embarrass poor Coca Bloss, by telling her: ""Oh, Coca, how I wanna f*** you!""? She is a great lady, very decent and sensitive, and she became unspeakably ashamed - to his petty satisfaction! And, as a worrying alarm signal about the degree of vulgarity and lack of education in Romanian audiences, so many people are still so foolish to declare these visual obscenities ""works of art""! Will anyone have ever the decency to expose the truth of it all?",0
"Terminus Paradis was exceptional, but ""Niki ardelean"" comes too late. We already have enough of this and we want something new.<br /><br />Big directors should have no problems seeing beyond their time, not behind. Why people see Romania only as a postrevolutionary country?<br /><br />We are just born not reincarnated, and nobody gives a s**t anymore about old times. Most people dont remember or dont want to remember, and the new generation of movie consumers dont understand a bit. This should be the first day of romanian movie not the final song - priveghi! Maybe younger directors should make the move.",0
"this movie begins with an ordinary funeral... and it insists so hard on this ordinary funeral feel that i lost interest within 5 minutes of watching, and started skipping scenes. it seems to me whomever made this movie is afflicted to the extent of becoming trapped in a permanent morbid trance, unable to contemplate anything else but death and destruction. well, i ain't one of the dark kids from Southpark, i want a movie that within 10 minutes gets me well into an interesting story, i won't sit and watch 10 minutes of nothing but preparations for a funeral.. my grandma on her last years was fascinated by funerals, perhaps she might have enjoyed this ""movie"".",0
"I saw this movie twice. I can't believe Pintilie made such a fantasy movie. I'm also a movie/theatre director and I know what I speak. This is not Romania anymore, but I see the events are happening in the same period with the incident from 11 September. No story, no plot, nothing. No conclusion, no message, nothing profound, nothing hidden. Just empty images.<br /><br />What most of Romanians don't know, this movie is for the french viewers, not for us. They really believe that is the reality in Romania. Also for teenagers. Pintilie should stop making movies. I don't really know if we can call this a movie, maybe a horror :) And we wonder why we've got such an image in Europe. This WAS a reality, but isn't anymore. A good friend of mine from the Brithish embassy said: ""You have no idea what a long way Romanian people walked from Ceausescu"".",0
"I find it rather useless to comment on this ""movie"" for the simplest reason that it has nothing to comment upon.It's similar to a rotten egg which has nothing good to show to the world excerpt for the fact that it is rotten as other endless number of eggs have been before it. But since a comment is mandatory for such a grandiose insignificance ... <br /><br />Filth is definitely the proper word to describe this movie created in the same manner as any other Romanian ""movie"" directed by Lucian Pintilie who insists to depict the so called ""Romanian reality"" following the Communist era (1990 to present days).<br /><br />Under no circumstances recommended for people outside Romania as for the others (who lately find amateurish camera, lack of plot, lack of directorial / actors's quality etc, noise etc. as being trendy and even art-like) : watch & enjoy this ""movie"" (as I know you will) but do the other well intentioned IMDb members a favor, don't write an online review for it will misguide, irritate and in the end waste their time.<br /><br />On the other hand this movie (among others) has some value whatsoever, an educational one for it sets the example for : ""How NOT to make a movie.""",0
"It's very sad that Lucian Pintilie does not stop making movies. They get worse every time. Niki and Flo (2003) is a depressing stab at the camera. It's unfortunate that from the many movies that are made yearly in Romania , the worst of them get to be sent abroad ( e.g. Chicago International Film Festival). This movie without a plot , acting or script is a waste of time and money. Score: 0.02 out of 10.",0
"In a movie that follows a struggling actor, played, evidently, by a struggling actor, this does no favours for Chris Klein. He struggles to bring anything memorable to the role and meanders on through the shallow script managing to display, what could only be described as, a bland leading man. The story exists, but that is all, and fails to show any basic start, middle and end and the viewer is left shrugging his shoulders feeling as though nothing in the past hour and three quarters has really happened.<br /><br />One bright light in the midst of this is Fred Durst, who manages to stand out above his seemingly averagely talented co-stars and does a semi-decent job of bringing the backward character of Legde to life. Whether Fred can re-create this when working with a higher calibre of cast remains to be seen but I'l be watching out for him in future.",0
"Dumb is as dumb does, in this thoroughly uninteresting, supposed black comedy. Essentially what starts out as Chris Klein trying to maintain a low profile, eventually morphs into an uninspired version of ""The Three Amigos"", only without any laughs. In order for black comedy to work, it must be outrageous, which ""Play Dead"" is not. In order for black comedy to work, it cannot be mean spirited, which ""Play Dead"" is. What ""Play Dead"" really is, is a town full of nut jobs. Fred Dunst does however do a pretty fair imitation of Billy Bob Thornton's character from ""A Simple Plan"", while Jake Busey does a pretty fair imitation of, well, Jake Busey. - MERK",0
"It's been a long time since I last saw a movie this bad.. The acting is very average, the story is horribly boring, and I'm at a loss for words as to the execution. It was completely unoriginal. O, and this is as much a comedy as Clint Eastwood's a pregnant Schwarzenegger! <br /><br />One of the first scenes (the one with the television show - where the hell are you?) got it right - the cast was 80% of let's face it - forgotten actors. If they were hoping for a career relaunch, then I think it might never happen with this on their CV! The script had the potential, but neither 80% of the actors nor the director (who's an actor and clearly should stick to being an actor) pulled it off. Fred Durst was the only one who seemed better than any of the rest.<br /><br />I'm sorry, but if you ever consider watching this - I highly recommend you turn to something less traumatic, because not only it's a total loss of time, but also a weak example of what bad cinema looks like.",0
"Once big action star who fell off the face of the earth ends up in a small town with a problem with drug dealers and a dead body of a federal agent. Reuniting with some former co-stars to clean up the town.<br /><br />Low key, often to the point of blandness, ""action"" comedy mostly just doesn't work. Part of the problem is the casting Chris Klien as a former action hero. he's not bad, but he's really not believable as some one who was taken to be a tough guy. As I said he's not bad, he's just just miscast for what his back story is. The real problem here is the combination of the script, which really isn't funny and seems artificial at times, and the direction which is pedestrian to the port of dullness. There is no life in the way things are set up. Its as if the director had a list of shots and went by that list. It makes for an un-engaging film. And yet the film occasionally springs to life, such as the in the final show down that ends the film. That sequence works, but because the earlier parts of the film floundered its drained of much of its power.<br /><br />I can't really recommend the film. Its worth a shot if you're a fan of the actors or are a huge fan of independent cinema in all its forms, but otherwise this is just a disappointment.",0
"in this movie, joe pesci slams dunks a basketball. joe pesci...<br /><br />and being consistent, the rest of the script is equally not believable.<br /><br />pesci is a funny guy, which saves this film from sinking int the absolute back of the cellar, but the other roles were pretty bad. the father was a greedy businessman who valued money more than people, which wasn't even well-played. instead of the man being an archetypal villain, he seemed more like an amoral android programmed to make money at all costs. then there's the token piece that is assigned to pesci as a girlfriend or something...i don't even remember...she was that forgettable.<br /><br />anyone who rates this movie above a 5 or 6 is a paid member of some sort of film studio trying to up the reputation of this sunken film, or at least one of those millions of media minions who can't critique efficiently (you know, the people who feel bad if they give anything a mark below 6).<br /><br />stay away...far away. and shame on comedy central, where i saw this film. they usually pick better.",0
"in this movie, joe pesci slams dunks a basketball. joe pesci...<br /><br />and being consistent, the rest of the script is equally not believable.<br /><br />pesci is a funny guy, which saves this film from sinking int the absolute back of the cellar, but the other roles were pretty bad. the father was a greedy businessman who valued money more than people, which wasn't even well-played. instead of the man being an archetypal villain, he seemed more like an amoral android programmed to make money at all costs. then there's the token piece that is assigned to pesci as a girlfriend or something...i don't even remember...she was that forgettable.<br /><br />anyone who rates this movie above a 5 or 6 is a paid member of some sort of film studio trying to up the reputation of this sunken film, or at least one of those millions of media minions who can't critique efficiently (you know, the people who feel bad if they give anything a mark below 6).<br /><br />stay away...far away. and shame on comedy central, where i saw this film. they usually pick better.",0
"Oh God,what an idiotic movie!Incredibly cheap with fake special effects(the creature is played by one guy in lame costume)and stupid plot.All dialogues are unbelievably bad and these actors(HA!HA!HA!)...they're simply ludicrous.For example I have never seen so annoying characters like in this junk(these dumb kids or pregnant woman with his husband and many more).All in all,this is a great entertainment if you're drunk.Avoid it like the plague.Am I drunk?I don't think so...",0
"Oh God,what an idiotic movie!Incredibly cheap with fake special effects(the creature is played by one guy in lame costume)and stupid plot.All dialogues are unbelievably bad and these actors(HA!HA!HA!)...they're simply ludicrous.For example I have never seen so annoying characters like in this junk(these dumb kids or pregnant woman with his husband and many more).All in all,this is a great entertainment if you're drunk.Avoid it like the plague.Am I drunk?I don't think so...",0
"This film was so amateurish I could hardly believe what I was seeing. It is shot on VIDEO! NOT film! I have not seen the likes of this since the early 70's, when late night networks showed movie of the week 'horror flicks' shot in......video. It looks like a bad soap opera, and that is paying it a compliment. Some of the actors give it their best shot. Michael Des Barres does okay with what he is given to do, which is to act like a sex addict out of control. I can't say that it is pleasant to watch.<br /><br />Nastassja Kinski as the therapist sits in a chair for practically the entire film, with very little variation in camera angles. I can't fault her for someone else's poor blocking, but she is totally unbelievable in her role. Her little girl voice works against her here. And I consider myself a Nastassja Kinski fan. She is certainly ageless and exotic, but she's outside her range with this.<br /><br />Alexandra Paul is pathetically overwrought. Every line she delivers is with three exclamation points. Someone must have directed her to scream at all costs. Why would Michael Des Barres want to have sex with such a raging shrew?<br /><br />Finally, Rosanna Arquette as the sweet, maligned wife comes off okay, and probably the most believable of the bunch. But that is not saying much.<br /><br />This has to be the worst film I have seen in years.",0
"This film was so amateurish I could hardly believe what I was seeing. It is shot on VIDEO! NOT film! I have not seen the likes of this since the early 70's, when late night networks showed movie of the week 'horror flicks' shot in......video. It looks like a bad soap opera, and that is paying it a compliment. Some of the actors give it their best shot. Michael Des Barres does okay with what he is given to do, which is to act like a sex addict out of control. I can't say that it is pleasant to watch.<br /><br />Nastassja Kinski as the therapist sits in a chair for practically the entire film, with very little variation in camera angles. I can't fault her for someone else's poor blocking, but she is totally unbelievable in her role. Her little girl voice works against her here. And I consider myself a Nastassja Kinski fan. She is certainly ageless and exotic, but she's outside her range with this.<br /><br />Alexandra Paul is pathetically overwrought. Every line she delivers is with three exclamation points. Someone must have directed her to scream at all costs. Why would Michael Des Barres want to have sex with such a raging shrew?<br /><br />Finally, Rosanna Arquette as the sweet, maligned wife comes off okay, and probably the most believable of the bunch. But that is not saying much.<br /><br />This has to be the worst film I have seen in years.",0
"<br /><br />Back in his youth, the old man had wanted to marry his first cousin, but his family forbid it. Many decades later, the old man has raised three children (two boys and one girl), and allows his son and daughter to marry and have children. Soon, the sister is bored with brother #1, and jumps in the bed of brother #2.<br /><br />One might think that the three siblings are stuck somewhere on a remote island. But no -- they are upper class Europeans going to college and busy in the social world.<br /><br />Never do we see a flirtatious moment between any non-related female and the two brothers. Never do we see any flirtatious moment between any non-related male and the one sister. All flirtatious moments are shared between only between the brothers and sister.<br /><br />The weakest part of GLADIATOR was the incest thing. The young emperor Commodus would have hundreds of slave girls and a city full of marriage-minded girls all over him, but no -- he only wanted his sister? If movie incest is your cup of tea, then SUNSHINE will (slowly) thrill you to no end.",0
"<br /><br />Back in his youth, the old man had wanted to marry his first cousin, but his family forbid it. Many decades later, the old man has raised three children (two boys and one girl), and allows his son and daughter to marry and have children. Soon, the sister is bored with brother #1, and jumps in the bed of brother #2.<br /><br />One might think that the three siblings are stuck somewhere on a remote island. But no -- they are upper class Europeans going to college and busy in the social world.<br /><br />Never do we see a flirtatious moment between any non-related female and the two brothers. Never do we see any flirtatious moment between any non-related male and the one sister. All flirtatious moments are shared between only between the brothers and sister.<br /><br />The weakest part of GLADIATOR was the incest thing. The young emperor Commodus would have hundreds of slave girls and a city full of marriage-minded girls all over him, but no -- he only wanted his sister? If movie incest is your cup of tea, then SUNSHINE will (slowly) thrill you to no end.",0
Don't get me wrong - I love David Suchet as Poirot. I love the series as well as the movies but enough already re: Death On The Nile. Everyone has done this one! We know who dies. We know why they die. We know who the killer is. We know how it was done. So I say enough already! Mr. Suchet could have used that awesome talent in another one of Agatha Christie's novels. I will say that the acting by all the actors was superb. The sets were terrific and very realistic. I especially liked David Soul but I was surprised at how 'awful' he looked. I hope he doesn't look that way in 'real' life! I honestly can't remember from other movies whether the very end was the same. Somehow I don't think so. I thought that was a rather brilliant touch whether or not Ms. Christie wrote it that way. I would much rather have that ending then wasting away in prison!,0
"No spoilers here but I have been a fan since Waking the Dead started but the last series, of which only 3 have been on so far is awful. The stories bear no resemblance to the original idea of the series. I found these 3 in the last series jaw droppingly ludicrous. As a BBC licence payer, after the show I rang BBC complaints to pass on my disappointment. I'm amazed that actors of the calibre of Trevor Eve and Sue Johnstone didn't object to the story lines. These actors have been with these characters for 8 seasons, surly they can see it's lost all direction. It's a good job it is the last series or the next series may start with the team investigating the death of Father Christmas!<br /><br />Paul Bentley, West Yorkshire, England.",0
"I feel like I've just watched a snuff film....a beautifully acted, taut, engrossing and horrible thing! A two hour litany of perversion in the most basic and all inclusive sense of the word, sexual violence and torture, rape, decapitation, incest, corruption, live burial, and abuse, abuse, abuse. No redemption whatsoever. And I WAS entertained. I couldn't stop watching. What does this say about me, about the people who make and act in this sort of thing, and a world that has become so desensitized that eventually real snuff films will be the norm. And I'm neither puritanical nor humorless, I don't try to hide from the existence of darkness, and I definitely have not led a sheltered life, but I am ashamed of myself. AND I'm sorry to see my British cousins dragging the subject-matter sewers the way my own tribe does. It doesn't have to be cozy, but does it have to wallow in vicarious sadism?",0
"I absolutely hate this programme, what kind of people sit and watch this garbage?? OK my dad and mum love it lol but i make sure I'm well out of the room before it comes on. Its so depressing and dreary but the worst thing about it is the acting i cant stand all detective programmes such as this because the detectives are so wooden and heartless. What happened to detective programmes with real mystery??? I mean who wants to know what happened to fictional characters we know nothing about that died over 20 years ago??? I wish the bbc would put more comedy on bbc1 cos now with the vicar of dibley finished there is more room for crap like this.",0
"In a movie that follows a struggling actor, played, evidently, by a struggling actor, this does no favours for Chris Klein. He struggles to bring anything memorable to the role and meanders on through the shallow script managing to display, what could only be described as, a bland leading man. The story exists, but that is all, and fails to show any basic start, middle and end and the viewer is left shrugging his shoulders feeling as though nothing in the past hour and three quarters has really happened.<br /><br />One bright light in the midst of this is Fred Durst, who manages to stand out above his seemingly averagely talented co-stars and does a semi-decent job of bringing the backward character of Legde to life. Whether Fred can re-create this when working with a higher calibre of cast remains to be seen but I'l be watching out for him in future.",0
"Dumb is as dumb does, in this thoroughly uninteresting, supposed black comedy. Essentially what starts out as Chris Klein trying to maintain a low profile, eventually morphs into an uninspired version of ""The Three Amigos"", only without any laughs. In order for black comedy to work, it must be outrageous, which ""Play Dead"" is not. In order for black comedy to work, it cannot be mean spirited, which ""Play Dead"" is. What ""Play Dead"" really is, is a town full of nut jobs. Fred Dunst does however do a pretty fair imitation of Billy Bob Thornton's character from ""A Simple Plan"", while Jake Busey does a pretty fair imitation of, well, Jake Busey. - MERK",0
"It's been a long time since I last saw a movie this bad.. The acting is very average, the story is horribly boring, and I'm at a loss for words as to the execution. It was completely unoriginal. O, and this is as much a comedy as Clint Eastwood's a pregnant Schwarzenegger! <br /><br />One of the first scenes (the one with the television show - where the hell are you?) got it right - the cast was 80% of let's face it - forgotten actors. If they were hoping for a career relaunch, then I think it might never happen with this on their CV! The script had the potential, but neither 80% of the actors nor the director (who's an actor and clearly should stick to being an actor) pulled it off. Fred Durst was the only one who seemed better than any of the rest.<br /><br />I'm sorry, but if you ever consider watching this - I highly recommend you turn to something less traumatic, because not only it's a total loss of time, but also a weak example of what bad cinema looks like.",0
"Once big action star who fell off the face of the earth ends up in a small town with a problem with drug dealers and a dead body of a federal agent. Reuniting with some former co-stars to clean up the town.<br /><br />Low key, often to the point of blandness, ""action"" comedy mostly just doesn't work. Part of the problem is the casting Chris Klien as a former action hero. he's not bad, but he's really not believable as some one who was taken to be a tough guy. As I said he's not bad, he's just just miscast for what his back story is. The real problem here is the combination of the script, which really isn't funny and seems artificial at times, and the direction which is pedestrian to the port of dullness. There is no life in the way things are set up. Its as if the director had a list of shots and went by that list. It makes for an un-engaging film. And yet the film occasionally springs to life, such as the in the final show down that ends the film. That sequence works, but because the earlier parts of the film floundered its drained of much of its power.<br /><br />I can't really recommend the film. Its worth a shot if you're a fan of the actors or are a huge fan of independent cinema in all its forms, but otherwise this is just a disappointment.",0
"Les Visiteurs, the first movie about the medieval time travelers was actually funny. I like Jean Reno as an actor, but there was more. There were unexpected twists, funny situations and of course plain absurdness, that would remind you a little bit of Louis de Funes.<br /><br />Now this sequel has the same characters, the same actors in great part and the same time traveling. The plot changes a little, since the characters now are supposed to be experienced time travelers. So they jump up and down in history, without paying any attention to the fact that it keeps getting absurder as you advance in the movie. The duke, Jean Reno, tries to keep the whole thing together with his playing, but his character has been emptied, so there's not a lot he can do to save the film.<br /><br />Now the duke's slave/helper, he has really all the attention. The movie is merely about him and his being clumsy / annoying / stupid or whatever he was supposed to be. Fact is; this character tries to produce the laughter from the audience, but he does not succeed. It is as if someone was telling you a really very very bad joke, you already know, but he insists on telling that joke till the end, adding details, to make your suffering a little longer.<br /><br />If you liked Les Visiteurs, do not spoil the taste in your mouth with the sequel. If you didn't like Les Visiteurs, you would never consider seeing the sequel. If you liked this sequel... well, I suppose you still need to see a lot of movies.",0
"In a way, Corridors of Time is a success story because the movie reaches its goal : being seen by thousands. But it fails at making them laugh...<br /><br />Les Visiteurs has had its success, because the subject was an original way of considering the time travel : forget about Zemeckis's Back to the future, here comes the old France, the middle-age knight and its nearly barbaric way of life. Full of pride, funny thanks to the ancient words he uses, Montmirail can sometimes be disgusting but he keeps his honor. Then comes the sequel.<br /><br />Nobody had foreseen the tremendous success of Les Visiteurs, the first. And it's no use being a movie expert to realize that the Corridors of Time has been made for money.<br /><br />The general story begins after the end of Les Visiteurs, and immediately tries to justify the sequel with a time paradox that would have needed some second tought. Explanation : it's no use trying to get back the jewelry Jacquouille has stolen ; don't you remember this nice red shiny and expensive car he bought at the end of the 1st episode ? Where do you think he found the money ? Selling the jewelry... And that's only one of many holes Poiré tries to avoid... and fails.<br /><br />Let's have a look at the characters : Montmirail doesn't change, he's just a little more boring. Regarding Frenegonde... that's another story : Valérie Lemercier decided not to compromise herself in this sequel to avoid getting stuck in the bourgeoise role. And Muriel Robin tries to imitate her in a way that I found so pitiful I nearly felt pain for her. And Poiré doesn't realize that a cast of humorists isn't enough to make a good comedy.<br /><br />Forget about the time travels, about the digital effects, concentrate on the story and you'll see that there's enough room on a mail stamp to write it 10 times.<br /><br />The main interest of this film is the landscapes. A movie for youngsters, let's say up to 13 years old.",0
"This film is so bad and gets worse in every imaginable fashion. Its not just the poor acting and script nor is it the lame and perverse time one wastes on watching it. What really puts this film in my hall of shame is the apparent struggling that the writers and producers do with the film to try and make it funny. The actress replacing Jean Reno's descendant is to old and learned her lesson in the first film so they add a new girl who is to be married. Nearly all of the original extras and gags return however this time makes me want to ripe my eyes out of my sockets because it's a waste of perfectly good film. The torture of the constant camera cuts and shots in any scene in this movie can put the viewer into violent convolutions. This second film takes the successful original and drags it out of its coffin and parades the corpse out in the public square and perversely degrades not only the original idea and its legacy but our intelligence as well. This film unlike the spruce goose could not fly for it had no plot in the principals returning for a 'necklace'. No script since it was apparently written and added to daily. No attention to camera or shots in mind. Poor lighting and special effects done for the sake of doing so. This film would not even pass for a student film in basic Film 101. How this pile got through no one can tell. It was a big loosing investment and it appears that no one had the strength to put this unnatural cruel mistake out of our miseries. This movie has one good part ...its END! This film is my #1 worst film of all time, finally ""Howard The Duck"" is no longer the goose.",0
"Everybody who wants to be an editor should watch this movie! It shows you about every mistake not to do in editing a movie! My grandma could have done better than that! But that's not the only reason why this movie is really bad! (It's actually so bad that I'm not able to write a sentence without exclamation mark!) If the first episode of Les Visiteurs' was a quite good familial comedy with funny jokes and cult dialogues, this sequel is copying badly the receipe of the first one. The funny parts could be counted on one hand and maybe half of it. Clavier is over-acting his role even more than in the first part, Robin is trying to act like Lemercier (because she's replacing her) but that's grotesque'. Lemercier is Lemercier, Robin is Robin! Even if Muriel Robin can be funny by herself on stage, she is not in this movie because she's not acting as she used to act. I know that it should be hard to replace somebody who was good in a role (Lemercier obtained a César award for her role in the first movie) but she made a big mistake: instead of playing her role, she played Lemercier playing her role'! As for the story, it's just too much! Of course we knew at he end of the first movie that there would be a sequel but Poiré and Clavier should hae tried to write a more simple story like the first episode. The gags are repetitive, childish and déjà-vu. No, really, there's no more than 3 funny parts in this. The only good things might be the costumes and some special effects. So you have only 2 reasons to watch it: 1) if you want to learn how to edit awfully a movie, 2) if you want to waste your time or if you really need a brainless moment'! 2/10",0
"In 1993, ""the visitors"" was an enormous hit in France. So, the sequence was inevitable and unfortunately, this sequence ranks among the worst ones ever made. <br /><br />This is a movie that doesn't keep its promises. Indeed, it's supposed to tell a sole story. Jean Reno must go in the twentieth century and take Christian Clavier back in the Middle Ages so that time can normally follow its course. The problem is that Clavier feels completely at ease in the world of the twentieth century, and so make him get back in the Middles Ages is rather hard... Instead of this, the movie goes on several other stories without succeeding in following the main plot. As a consequence, the movie becomes sometimes muddle-headed, sometimes a bit of a mess.<br /><br />But the movie also suffers from the performance of nearly all the actors. Reno and Clavier fall into the trap that however they could avoid in the first movie: they're going over the top and become annoying. Then, why did Jean-Marie Poiré the film-maker engage Muriel Robin in the female main role? He made a mistake because she seems ill-at-ease and is absolutely pitiful. The other actors aren't better: Marie-Anne Chazel is nonexistent and Christian Bujeau, unbearable.<br /><br /> Of course, the movie contains a few good moments with efficient gags but it often falls into vulgarity and easiness. Certain sequences and dialogs are affected. It also appears hollow because Poiré takes back elements that secured the success of the first movie. Thus, a young girl takes Reno for a close relative of her family and asks him to take part in her wedding.<br /><br />A labored and disappointing follow-up. Anyway, what's the interest of this movie otherwise commercial?<br /><br />",0
"The original ""les visiteurs"" was original, hilarious, interesting, balanced and near perfect. LV2 must be a candidate for ""Worst first sequel to a really good film"". In LV2 everyone keeps shouting, when a gag doesn't work first it's repeated another 5 times with some vague hope that it will eventually become funny. LV2 is a horrible parody of LV1, except of course that a parody should be inventive. If you loved LV1 just don't see this film, just see LV1 again!!",0
"Corridors of time. The movie you can watch if you're looking for a sophisticated way of suicide. Some use guns, ropes, or gas, but you want to ruin your brains ? Do not wait any longer ! Corridors of time is probably one of the biggest possible mistakes : thinking Christian Clavier is able to act and to bring you fun. I do not miss the 45 francs this poor thing cost me : sometimes, one has to reset its evaluation system looking at the absolute zero. This film deserves a 2/10, but that's only because I like Jean Reno. Too bad for him, he also stars in Ronin. I think I'm gonna dislike him...",0
"This movie got off to an interesting start. Down the road however, the story gets convoluted with a poor illustration of ancient black magic rituals. The male lead was very good , even though he gets the worst end of the stick in the climax. In comparison, this is ""Boomerang"" meets ""Extremities"".<br /><br />",0
"This movie got off to an interesting start. Down the road however, the story gets convoluted with a poor illustration of ancient black magic rituals. The male lead was very good , even though he gets the worst end of the stick in the climax. In comparison, this is ""Boomerang"" meets ""Extremities"".",0
"The BFG is one of Roald Dahl's most cherished books, but in this animated adaptation the magic just isn't there. This version remains pretty faithful to Dahl's original story so one can't lay the blame on John Hambley's script. If anything the fault lies with the colourless animation, the lethargic pace and the generally lacklustre voice-overs. One would be right to expect this story to make for a happy, vibrant, fun-filled movie..... instead, the film is a hopelessly dull affair that becomes quite tedious to watch. Children who are not familiar with the story should definitely read the book first! All the film will achieve is to put them off read what is actually a children's' classic.<br /><br />Young orphan Sophie (voice of Amanda Root) lives in a none-too-friendly orphanage under the cruel supervision of Mrs Clonkers. One evening she is peering through the window when she spots a massive figure walking stealthily down the village street. The figure realises it has been seen, so it reaches in through the window and scoops Sophie from her bed, placing her into its enormous pocket before fleeing into the night. Sophie soon discovers that she has been kidnapped by a giant from Giant Country, and fears that he will eat her. But to her relief he turns out to be a kind and sensitive member of his species who introduces himself as the BFG (voice of David Jason). The BFG refuses to eat people, instead restricting himself to foul-tasting vegetables known as snozzcumbers. However, Giant Country is populated by numerous other giants who DO feast - every night, as it happens - on poor unsuspecting humans. Sophie and the BFG become great friends, and soon they come up with a plan to thwart the other giants. Together they go to the Queen of England (voice of Angela Thorne) with their remarkable story and beg her to send the army and the air force to fight the man-eating giants. The Queen agrees and so begins a dangerous operation to capture the bad giants before they can harm anyone else.<br /><br />Jason voices the BFG quite well (one of the few pluses in the film) but his good work is almost ruined by somewhat poor sound quality. The rest of the voice work is decidedly uninspired, with very little to bring the characters to life. Similarly, the BFG is the only character that is imaginatively animated - Sophie lacks appeal, and the giants are boringly designed (and look almost indistinguishable from each other). Even the places are uninventive; Giant Country especially comes up short, being nothing more than a barren wasteland with occasional rocks and canyons. At 88 minutes the film is not exactly lengthy, yet it drags quite badly in parts due to the soporific handling of several sequences. Little of Dahl's mischievous humour is conveyed satisfactorily. One chapter in the book deals with the BFG's love of ""whizzpopping"" (farting) and is laugh-out-loud hilarious. In the film, the same section is totally killed by unfunny handling. I came to the The BFG expecting lots of zest, fun and enjoyment, but what I got was pretty much the opposite! This one is a failed misfire that simply doesn't match the calibre of the book in any department - unfortunately, therefore, it must go down as one to skip.",0
"German filmmaker Ulli Lommel has managed a task many horror fans thought was impossible: he's unseated fellow Teuton Uwe Boll for the crown of director of the worst horror film ever made.<br /><br />Lommel is truly the Ed Wood of the new millennium. This film is as shoddy and laughable as the best-worst of EW. I am both proud and embarrassed to say that I watched it in toto, morbidly fascinated to see just low the bar could be set. The answer is: subterranean; Lommel dug a pit and buried it.<br /><br />The fun begins with the cast of international nobodies. Only someone who has lived in Los Angeles, where every auto mechanic, doctor and mailman is an actor or screenwriter waiting to be discovered, could easily understand how Lommel managed to find so many wannabe actors willing to spew his ridiculous dialog with a straight face.<br /><br />The main character, a villainous beat cop, is played by a German actor with a thick German accent. Aside from being a serial killer, he is also the oldest beat cop in LA. Despite the fact that he stops innocent women drivers and takes them into custody, then drags them into his home (which inexplicably is the top floor of a furniture warehouse), and does all this in plain sight of his rookie partners, the LAPD refuses to investigate, going so far as to physically attack one of his accusers in a ninja style raid on his apartment.<br /><br />The sets are excruciatingly bad. The production designer's budget apparently included just enough money for a can of paint; enough to paint ""Precinct 707"" on a cardboard wall.<br /><br />Since the actors were obviously unpaid non-professionals--a sad assortment of European emigres (possibly deportees if they acted in their native lands), bimbos, mimbos, and desperate middle-aged women--and since little if any money was spent on sets, special efx, locations or other production value, it is only fair to mention that they did spring for a few genuine-looking police uniforms. Sadly, they couldn't afford a police car; the uniformed cops cruise the streets in a shiny new Mercury rental.<br /><br />More than half of the story focuses on the dirty deeds of our deranged German LAPD officer and the futile efforts of two young rookies to stop him. One of these young actors is especially pitiable because he's the only actor in this whole mess with even a vague shot at a real career in the movies. The other fits right in, with a rockabilly hairdo and tortured Brando posing that needs to be seen to be appreciated.<br /><br />The latter part of the film is where the title gets its zombie, as the victims of our killer are resurrected after he murders a girl who had just visited some voodoo priestesses to have a protective spell put on her. Don't ask why a girl from Romania would resort to voodooism in anticipation of being murdered, just accept Lommel's logic and enjoy the absurd ride.<br /><br />After much prolonged hand-clawing out of straw-covered roadside graves, the zombie girls manage to make their appearance. They look exactly as they did before death, maybe even prettier, with black glamor make-up generously airbrushed around their eyes. Looking nothing like zombies, they look more like high fashion models ready for the runway.<br /><br />At this point in the movie Lommel borrows a creative note from his lauded countryman Boll, and injects large doses of cheesy Euro-trash techno into the soundtrack. We're talking prehistoric electronic bumblebee noise. Stuff they might have played in an Ibiza disco when Lommel was still young enough to shake his booty.<br /><br />Unlike other zombies, Lommel's girls speak and function as normal... er, I mean, as they did before becoming zombified. This gives our auteur ample opportunities to shower us with more of his golden dialog. Yes, a golden shower it is.<br /><br />I won't spoil anything by revealing the shock ending. All I can say is it's perfectly in tune with the rest of this masterpiece. The spirit of Ed Wood lives on... or should I say his geist.",0
"German filmmaker Ulli Lommel has managed a task many horror fans thought was impossible: he's unseated fellow Teuton Uwe Boll for the crown of director of the worst horror film ever made.<br /><br />Lommel is truly the Ed Wood of the new millennium. This film is as shoddy and laughable as the best-worst of EW. I am both proud and embarrassed to say that I watched it in toto, morbidly fascinated to see just low the bar could be set. The answer is: subterranean; Lommel dug a pit and buried it.<br /><br />The fun begins with the cast of international nobodies. Only someone who has lived in Los Angeles, where every auto mechanic, doctor and mailman is an actor or screenwriter waiting to be discovered, could easily understand how Lommel managed to find so many wannabe actors willing to spew his ridiculous dialog with a straight face.<br /><br />The main character, a villainous beat cop, is played by a German actor with a thick German accent. Aside from being a serial killer, he is also the oldest beat cop in LA. Despite the fact that he stops innocent women drivers and takes them into custody, then drags them into his home (which inexplicably is the top floor of a furniture warehouse), and does all this in plain sight of his rookie partners, the LAPD refuses to investigate, going so far as to physically attack one of his accusers in a ninja style raid on his apartment.<br /><br />The sets are excruciatingly bad. The production designer's budget apparently included just enough money for a can of paint; enough to paint ""Precinct 707"" on a cardboard wall.<br /><br />Since the actors were obviously unpaid non-professionals--a sad assortment of European emigres (possibly deportees if they acted in their native lands), bimbos, mimbos, and desperate middle-aged women--and since little if any money was spent on sets, special efx, locations or other production value, it is only fair to mention that they did spring for a few genuine-looking police uniforms. Sadly, they couldn't afford a police car; the uniformed cops cruise the streets in a shiny new Mercury rental.<br /><br />More than half of the story focuses on the dirty deeds of our deranged German LAPD officer and the futile efforts of two young rookies to stop him. One of these young actors is especially pitiable because he's the only actor in this whole mess with even a vague shot at a real career in the movies. The other fits right in, with a rockabilly hairdo and tortured Brando posing that needs to be seen to be appreciated.<br /><br />The latter part of the film is where the title gets its zombie, as the victims of our killer are resurrected after he murders a girl who had just visited some voodoo priestesses to have a protective spell put on her. Don't ask why a girl from Romania would resort to voodooism in anticipation of being murdered, just accept Lommel's logic and enjoy the absurd ride.<br /><br />After much prolonged hand-clawing out of straw-covered roadside graves, the zombie girls manage to make their appearance. They look exactly as they did before death, maybe even prettier, with black glamor make-up generously airbrushed around their eyes. Looking nothing like zombies, they look more like high fashion models ready for the runway.<br /><br />At this point in the movie Lommel borrows a creative note from his lauded countryman Boll, and injects large doses of cheesy Euro-trash techno into the soundtrack. We're talking prehistoric electronic bumblebee noise. Stuff they might have played in an Ibiza disco when Lommel was still young enough to shake his booty.<br /><br />Unlike other zombies, Lommel's girls speak and function as normal... er, I mean, as they did before becoming zombified. This gives our auteur ample opportunities to shower us with more of his golden dialog. Yes, a golden shower it is.<br /><br />I won't spoil anything by revealing the shock ending. All I can say is it's perfectly in tune with the rest of this masterpiece. The spirit of Ed Wood lives on... or should I say his geist.",0
"This movie is a disgrace to the Major League Franchise. I live in Minnesota and even I can't believe they dumped Cleveland. (Yes I realize at the time the real Indians were pretty good, and the Twins had taken over their spot at the bottom of the American League, but still be consistent.) Anyway I loved the first Major League, liked the second, and always looked forward to the third, when the Indians would finally go all the way to the series. You can't tell me this wasn't the plan after the second film was completed. What Happened? Anyways if your a true fan of the original Major League do yourself a favor and don't watch this junk.",0
"This movie is a disgrace to the Major League Franchise. I live in Minnesota and even I can't believe they dumped Cleveland. (Yes I realize at the time the real Indians were pretty good, and the Twins had taken over their spot at the bottom of the American League, but still be consistent.) Anyway I loved the first Major League, liked the second, and always looked forward to the third, when the Indians would finally go all the way to the series. You can't tell me this wasn't the plan after the second film was completed. What Happened? Anyways if your a true fan of the original Major League do yourself a favor and don't watch this junk.",0
"What was an exciting and fairly original series by Fox has degraded down to meandering tripe. During the first season, Dark Angel was on my weekly ""must see"" list, and not just because of Jessica Alba.<br /><br />Unfortunately, the powers-that-be over at Fox decided that they needed to ""fine-tune"" the plotline. Within 3 episodes of the season opener, they had totally lost me as a viewer (not even to see Jessica Alba!). I found the new characters that were added in the second season to be too ridiculous and amateurish. The new plotlines were stretching the continuity and credibility of the show too thin. On one of the second season episodes, they even had Max sleeping and dreaming - where the first season stated she biologically couldn't sleep.<br /><br />The moral of the story (the one that Hollywood never gets): If it works, don't screw with it!<br /><br />azjazz",0
"Awful, simply awful. It proves my theory about ""star power."" This is supposed to be great TV because the guy who directed (battlestar) Titanica is the same guy who directed this shlop schtock schtick about a chick. B O R I N G.<br /><br />Find something a thousand times more interesting to do - like watch your TV with no picture and no sound. 1/10 (I rated it so high b/c there aren't any negative scores in the IMDb.com rating system.)<br /><br />-Zaphoid<br /><br />PS: My theory about ""star power"" is: the more ""star power"" used in a show, the weaker the show is. (It's called an indirect proportionality: quality 1/""star power"", less ""sp"" makes for better quality, etc. Another way to look at it is: ""more is less."")<br /><br />-Z",0
"God, I was bored out of my head as I watched this pilot. I had been expecting a lot from it, as I'm a huge fan of James Cameron (and not just since ""Titanic"", I might add), and his name in the credits I thought would be a guarantee of quality (Then again, he also wrote the leaden Strange Days..). But the thing failed miserably at grabbing my attention at any point of its almost two hours of duration. In all that time, it barely went beyond its two line synopsis, and I would be very hard pressed to try to figure out any kind of coherent plot out of all the mess of strands that went nowhere. On top of that, I don't think the acrobatics outdid even those of any regular ""A-Team"" episode. As for Alba, yes, she is gorgeous, of course, but the fact that she only displays one single facial expression the entire movie (pouty and surly), makes me also get bored of her ""gal wit an attitude"" schtick pretty soon. You can count me out of this one, Mr. Cameron!",0
"Wow, here it finally is; the action ""movie"" without action. In a real low-budget setting (don't miss the hilarious flying saucers flying by a few times) of a future Seattle we find a no-brain hardbody seeking to avenge her childhood.<br /><br />There is nothing even remotely original or interesting about the plot and the actors' performance is only rivalled in stupidity by the attempts to steal from other movies, mainly ""Matrix"" without having the money to do it right. Yes, we do get to see some running on walls and slow motion shoot-outs (45 secs approx.) but these scenes are about as cool as the stupid hardbody's attempts at making jokes about male incompetence now and then.<br /><br />And, yes, we are also served a number of leads that lead absolutely nowhere, as if the script was thought-out by the previously unseen cast while shooting the scenes.<br /><br />Believe me, it is as bad as it possibly can get. In fact, it doesn't deserve to be taken seriously, but perhaps I can make some of you not rent it and save your money.",0
"I'm trying to picture the pitch for Dark Angel. ""I'm thinking Matrix, I'm thinking Bladerunner, I'm thinking that chick that plays Faith in Angel, wearing shiny black leather - or some chick just like her, leave that one with us. Only - get this! - we'll do it without any plot, dialogue, character, decent action or budget, just some loud bangs and a hot chick in shiny black leather straddling a big throbbing bike. Fanboys dig loud bangs and hot chicks in shiny black leather straddling big throbbing bikes, right?""<br /><br />Flashy, shallow, dreary, formulaic, passionless, tedious, dull, dumb, humourless, desultory, barely competent. Live action anime without any action, or indeed any life. SF just the way Joe Fanboy likes it, in fact. :(",0
This insipid mini operetta featuring a Eddy-McDonald prototype in a Valentino scenario is so bad it becomes an endurance exercise after five minutes. It's silly from the get go as this brevity opens two military men discussing the lack of manliness in the son of one of the officers. In under a minute he is packed off to Morrocco where he lives a double life as the Red Shadow; the leader of an Arab tribe that would rather sing than fight.<br /><br />Alexander Gray and Bernice Clare possess fine light opera voices (with little acting ability) and there's a decent bass in there as well but the acting is so haphazard scenes so ill prepared you get the feeling they are making things up as they go along.<br /><br />This two reeler was part of a larger stage production that lists six writers. With more room to spoof and warble the show may have had some entertainment values but this rushed quickie is little more than an insult to an audience waiting for the feature presentation.,0
"This was one of the lamest movies we watched in the last few months with a predictable plot line and pretty bad acting (mainly from the supporting characters). The interview with Hugh Laurie on the DVD was actually more rewarding than the film itself...<br /><br />Hugh Laurie obviously put a lot of effort into learning how to dance the Samba but the scope of his character only required that he immerse himself at the kiddie end of the pool. The movie is based on the appearance of a lovely girl and great music but these are not sufficient to make good entertainment.<br /><br />If you have never seen Rio, or the inside of a British bank, this film is for you. 2 out of 10.",0
"I have been familiar with the fantastic book of 'Goodnight Mister Tom' for absolutely ages and it was only recently when I got the chance to watch this adaption of it. I have heard lots of positive remarks about this, so I had high hopes. Once this film had finished, I was horrified.<br /><br />This film is not a good film at all. 'Goodnight Mister Tom' was an extremely poor adaption and practically 4.5/10 of the book was missed out. Particularly, I found that a lot of the characters and some great scenes in the book were not in this. There was not much dialogue, It was rushed and far too fast-moving, but I was mostly upset by the fact that you never got to see the bonding and love between William Beech and Tom in this film which was a true let down. The casting was not all that good,either. I thought this could have been really good, but it was so different to the book! Anextremely poor adaption, one of the worst I've seen. This deserves a decent remake that'd better be 1000 times better than this pile of garbage.",0
"Goodnight, Mister Tom begins in an impossibly exquisite village in the south of England where the sun always seems to shine. Before we have much idea of the period we hear a radio announcement of the declaration of World War II. Soon a train blowing clouds of steam brings refugee children from London and when shy little William is billeted with reluctant, gruff old Tom (who you just know will turn out to have a heart of gold) our tale begins.<br /><br />And what a load of sentimental claptrap it is. In fact it's just the old odd-couple buddy formula. Aren't any new stories being written?<br /><br />As I suggested there's hardly any period feel in the village and not much more in London apart from the odd old ambulance rattling around. And certainly no hint of the horror of the Blitz as London's citizens file politely into air-raid shelters. Even when the local schoolteacher's husband is declared missing presumed killed, he is later restored to life.<br /><br />I found `Goodnight, Mister Tom' cliched and obvious and John Thaw's accent conjured up a picture of Ronnie Barker of the Two Ronnies with a straw in his mouth doing his `country bumpkin' accent.<br /><br />Incidentally my wife enjoyed this movie for all the reasons that I disliked it and looking at fellow-imdb reviewers I seem to be in a minority of one.<br /><br />",0
This insipid mini operetta featuring a Eddy-McDonald prototype in a Valentino scenario is so bad it becomes an endurance exercise after five minutes. It's silly from the get go as this brevity opens two military men discussing the lack of manliness in the son of one of the officers. In under a minute he is packed off to Morrocco where he lives a double life as the Red Shadow; the leader of an Arab tribe that would rather sing than fight.<br /><br />Alexander Gray and Bernice Clare possess fine light opera voices (with little acting ability) and there's a decent bass in there as well but the acting is so haphazard scenes so ill prepared you get the feeling they are making things up as they go along.<br /><br />This two reeler was part of a larger stage production that lists six writers. With more room to spoof and warble the show may have had some entertainment values but this rushed quickie is little more than an insult to an audience waiting for the feature presentation.,0
"This show comes up with interesting locations as fast as the travel channel. It is billed as reality but in actuality it is pure prime time soap opera. It's tries to use exotic locales as a facade to bring people into a phony contest & then proceeds to hook viewers on the contestants soap opera style.<br /><br />It also borrows from an early CBS game show pioneer- Beat The Clock- by inventing situations for its contestants to try & overcome. Then it rewards the winner money. If they can spice it up with a little interaction between the characters, even better. While the game format is in slow motion versus Beat The Clock- the real accomplishment of this series is to escape reality. <br /><br />This show has elements of several types of successful past programs. Reality television, hardly, but if your hooked on the contestants, locale or contest, this is your cup of tea. If your not, this entire series is as I say, drivel dripping with gravy. It is another show hiding behind the reality label which is the trend it started in 2000.<br /><br />It is slick & well produced, so it might last a while yet. After all, so do re-runs of Gilligan's Island, Green Acres, The Beverly Hillbillies & The Brady Bunch. This just doesn't employ professional actors. The intelligence level is about the same.",0
"How has this piece of crap stayed on TV this long? It's terrible. It makes me want to shoot someone. It's so fake that it is actually worse than a 1940s sci-fi movie. I'd rather have a stroke than watch this nonsense. I remember watching it when it first came out. I thought, hey this could be interesting, then I found out how absolutely, insanely, ridiculously stupid it really was. It was so bad that I actually took out my pocket knife and stuck my hand to the table.<br /><br />Please people, stop watching this and all other reality shows, they're the trash that is jamming the networks and canceling quality programming that requires some thought to create.",0
"You do realize that you've been watching the EXACT SAME SHOW for eight years, right? I could understand the initial curiosity of seeing strangers co-exist on an Island, but you'd think that after watching unkempt, stink-ladened heroes run roughshod through the bush with an egg on a spoon for half a decade would be enough to get you to commit to something a little more original (and interesting).<br /><br />And I'm not even speaking of the shows validity which for the record I find questionable. It's just hard to suspend disbelief for ""Bushy Bill"" eating a rat when the entire crew of producers and camera people are housed in an air conditioned make-shift bio-dome sipping frosty mochcinno's with moxy.<br /><br />What's the appeal here? I don't care about these people or their meandering lives. I just don't get it. But if you DO find yourself being captivated by hairy, unwashed people, I suggest you turn off your TV and just take a trip to your local bus station where you can see people like this in their TRUE habitat. They call them HOMELESS PEOPLE, and free of charge, you can sit back and marvel in their uncanny ability to retrieve various cigarette debris from a plethora of garbage canisters, eventually striking ""pay-dirt"" and fashioning a homemade Dr. Frankenstein-styled cancer-stick, all the while begging people for change for food when the stink of ""Aqua Velva"" on their breath is enough to suggest otherwise. And the best part? Much like Survivor, every week one member of the tribe ""Leaves"" the ""Island"" when they are unceremoniously sent packing to the local Institution when the frightening unmedicated state of full-blown schizophrenia kicks into gear! Now THAT'S ENTERTAINMENT!",0
"I sat through almost one episode of this series and just couldn't take anymore. It felt as though I'd watched dozens of episodes already, and then it hit me.....There's nothing new here! I've heard that joke on Seinfeld, I saw someone fall like that on friends, an episode of Happy Days had almost the same storyline, ect. None of the actors are interesting here either! Some were good on other shows (not here), and others are new to a profession they should have never entered. Avoid this stinker!",0
Don't get me wrong - I love David Suchet as Poirot. I love the series as well as the movies but enough already re: Death On The Nile. Everyone has done this one! We know who dies. We know why they die. We know who the killer is. We know how it was done. So I say enough already! Mr. Suchet could have used that awesome talent in another one of Agatha Christie's novels. I will say that the acting by all the actors was superb. The sets were terrific and very realistic. I especially liked David Soul but I was surprised at how 'awful' he looked. I hope he doesn't look that way in 'real' life! I honestly can't remember from other movies whether the very end was the same. Somehow I don't think so. I thought that was a rather brilliant touch whether or not Ms. Christie wrote it that way. I would much rather have that ending then wasting away in prison!,0
"When i got this movie free from my job, along with three other similar movies.. I watched then with very low expectations. Now this movie isn't bad per se. You get what you pay for. It is a tale of love, betrayal, lies, sex, scandal, everything you want in a movie. Definitely not a Hollywood blockbuster, but for cheap thrills it is not that bad. I would probably never watch this movie again. In a nutshell this is the kind of movie that you would see either very late at night on a local television station that is just wanting to take up some time, or you would see it on a Sunday afternoon on a local television station that is trying to take up some time. Despite the bad acting, cliché lines, and sub par camera work. I didn't have the desire to turn off the movie and pretend like it never popped into my DVD player. The story has been done many times in many movies. This one is no different, no better, no worse. <br /><br />Just your average movie.",0
"When i got this movie free from my job, along with three other similar movies.. I watched then with very low expectations. Now this movie isn't bad per se. You get what you pay for. It is a tale of love, betrayal, lies, sex, scandal, everything you want in a movie. Definitely not a Hollywood blockbuster, but for cheap thrills it is not that bad. I would probably never watch this movie again. In a nutshell this is the kind of movie that you would see either very late at night on a local television station that is just wanting to take up some time, or you would see it on a Sunday afternoon on a local television station that is trying to take up some time. Despite the bad acting, cliché lines, and sub par camera work. I didn't have the desire to turn off the movie and pretend like it never popped into my DVD player. The story has been done many times in many movies. This one is no different, no better, no worse. <br /><br />Just your average movie.",0
"When i got this movie free from my job, along with three other similar movies.. I watched then with very low expectations. Now this movie isn't bad per se. You get what you pay for. It is a tale of love, betrayal, lies, sex, scandal, everything you want in a movie. Definitely not a Hollywood blockbuster, but for cheap thrills it is not that bad. I would probably never watch this movie again. In a nutshell this is the kind of movie that you would see either very late at night on a local television station that is just wanting to take up some time, or you would see it on a Sunday afternoon on a local television station that is trying to take up some time. Despite the bad acting, cliché lines, and sub par camera work. I didn't have the desire to turn off the movie and pretend like it never popped into my DVD player. The story has been done many times in many movies. This one is no different, no better, no worse. <br /><br />Just your average movie.",0
"No spoilers here but I have been a fan since Waking the Dead started but the last series, of which only 3 have been on so far is awful. The stories bear no resemblance to the original idea of the series. I found these 3 in the last series jaw droppingly ludicrous. As a BBC licence payer, after the show I rang BBC complaints to pass on my disappointment. I'm amazed that actors of the calibre of Trevor Eve and Sue Johnstone didn't object to the story lines. These actors have been with these characters for 8 seasons, surly they can see it's lost all direction. It's a good job it is the last series or the next series may start with the team investigating the death of Father Christmas!<br /><br />Paul Bentley, West Yorkshire, England.",0
"I feel like I've just watched a snuff film....a beautifully acted, taut, engrossing and horrible thing! A two hour litany of perversion in the most basic and all inclusive sense of the word, sexual violence and torture, rape, decapitation, incest, corruption, live burial, and abuse, abuse, abuse. No redemption whatsoever. And I WAS entertained. I couldn't stop watching. What does this say about me, about the people who make and act in this sort of thing, and a world that has become so desensitized that eventually real snuff films will be the norm. And I'm neither puritanical nor humorless, I don't try to hide from the existence of darkness, and I definitely have not led a sheltered life, but I am ashamed of myself. AND I'm sorry to see my British cousins dragging the subject-matter sewers the way my own tribe does. It doesn't have to be cozy, but does it have to wallow in vicarious sadism?",0
"I absolutely hate this programme, what kind of people sit and watch this garbage?? OK my dad and mum love it lol but i make sure I'm well out of the room before it comes on. Its so depressing and dreary but the worst thing about it is the acting i cant stand all detective programmes such as this because the detectives are so wooden and heartless. What happened to detective programmes with real mystery??? I mean who wants to know what happened to fictional characters we know nothing about that died over 20 years ago??? I wish the bbc would put more comedy on bbc1 cos now with the vicar of dibley finished there is more room for crap like this.",0
"Sondra Locke stinks in this film, but then she was an awful 'actress' anyway. Unfortunately, she drags everyone else (including then =real life boyfriend Clint Eastwood down the drain with her. But what was Clint Eastwood thinking when he agreed to star in this one? One read of the script should have told him that this one was going to be a real snorer. It's an exceptionally weak story, basically no story or plot at all. Add in bored, poor acting, even from the normally good Eastwood. There's absolutely no action except a couple arguments and as far as I was concerned, this film ranks up at the top of the heap of natural sleep enhancers. Wow! Could a film BE any more boring? I think watching paint dry or the grass grow might be more fun. A real stinker. Don't bother with this one.",0
"Sondra Locke stinks in this film, but then she was an awful 'actress' anyway. Unfortunately, she drags everyone else (including then =real life boyfriend Clint Eastwood down the drain with her. But what was Clint Eastwood thinking when he agreed to star in this one? One read of the script should have told him that this one was going to be a real snorer. It's an exceptionally weak story, basically no story or plot at all. Add in bored, poor acting, even from the normally good Eastwood. There's absolutely no action except a couple arguments and as far as I was concerned, this film ranks up at the top of the heap of natural sleep enhancers. Wow! Could a film BE any more boring? I think watching paint dry or the grass grow might be more fun. A real stinker. Don't bother with this one.",0
"A have a female friend who is currently being drawn into a relationship with an SOB who has a long term girlfriend. Of course the SOB is very good-looking, charming, etc and my friend is a very intelligent woman. Watching Jean Pierre Leaud's character at work is exactly like watching what goes on in real life when guys like that destroy the lives of our female friends. It's tragic, and you know she's going to end up very hurt, but there's nothing you can do. Leaud is brilliant. Totally empty. A blank throughout, he pulls the faces and tells the stories he thinks will get the reaction he wants.<br /><br />The scene two hours in when Leaud and Lebrun have made love, and the next morning he puts on a record and, very sweetly and charmingly, sings along to amuse her is brilliant. The ""What the hell am I doing here with this idiot"" expression that flickers back and forth across her face will be in my memory for a long time to come.<br /><br />It's a long film, but see it in one go, preferably in a cinema. Takes a while to get into, but then the time just disappears.",1
"A have a female friend who is currently being drawn into a relationship with an SOB who has a long term girlfriend. Of course the SOB is very good-looking, charming, etc and my friend is a very intelligent woman. Watching Jean Pierre Leaud's character at work is exactly like watching what goes on in real life when guys like that destroy the lives of our female friends. It's tragic, and you know she's going to end up very hurt, but there's nothing you can do. Leaud is brilliant. Totally empty. A blank throughout, he pulls the faces and tells the stories he thinks will get the reaction he wants.<br /><br />The scene two hours in when Leaud and Lebrun have made love, and the next morning he puts on a record and, very sweetly and charmingly, sings along to amuse her is brilliant. The ""What the hell am I doing here with this idiot"" expression that flickers back and forth across her face will be in my memory for a long time to come.<br /><br />It's a long film, but see it in one go, preferably in a cinema. Takes a while to get into, but then the time just disappears.",1
"This movie surprised me. Some things were ""clicheish"" and some technological elements reminded me of the movie ""Enemy of the State"" starring Will Smith. But for the most part very entertaining- good mix with Jamie Foxx and comedian Mike Epps and the 2 wannabe thugs Julio and Ramundo (providing some comic relief). This is a movie you can watch over again-say... some Wednesday night when nothing else is on. I gave it a 9 for entertainment value.",1
"This movie surprised me. Some things were ""clicheish"" and some technological elements reminded me of the movie ""Enemy of the State"" starring Will Smith. But for the most part very entertaining- good mix with Jamie Foxx and comedian Mike Epps and the 2 wannabe thugs Julio and Ramundo (providing some comic relief). This is a movie you can watch over again-say... some Wednesday night when nothing else is on. I gave it a 9 for entertainment value.",1
"Wow! So much fun! Probably a bit much for normal American kids, and really it's a stretch to call this a kid's film, this movie reminded me a quite a bit of Time Bandits - very Terry Gilliam all the way through. While the overall narrative is pretty much straight forward, Miike still throws in A LOT of surreal and Bunuel-esquire moments. The whole first act violently juxtaposes from scene to scene the normal family life of the main kid/hero, with the spirit world and the evil than is ensuing therein. And while the ending does have a bit of an ambiguous aspect that are common of Miike's work, the layers of meaning and metaphor, particularly the anti-war / anti-revenge message of human folly, is pretty damn poignant. As manic and imaginatively fun as other great Miike films, only instead of over the top torture and gore, he gives us an endless amount of monsters and yokai from Japanese folk-lore creatively conceived via CG and puppetry wrapped into an imaginative multi-faceted adventure. F'n rad, and one of Miike's best!",1
"Wow! So much fun! Probably a bit much for normal American kids, and really it's a stretch to call this a kid's film, this movie reminded me a quite a bit of Time Bandits - very Terry Gilliam all the way through. While the overall narrative is pretty much straight forward, Miike still throws in A LOT of surreal and Bunuel-esquire moments. The whole first act violently juxtaposes from scene to scene the normal family life of the main kid/hero, with the spirit world and the evil than is ensuing therein. And while the ending does have a bit of an ambiguous aspect that are common of Miike's work, the layers of meaning and metaphor, particularly the anti-war / anti-revenge message of human folly, is pretty damn poignant. As manic and imaginatively fun as other great Miike films, only instead of over the top torture and gore, he gives us an endless amount of monsters and yokai from Japanese folk-lore creatively conceived via CG and puppetry wrapped into an imaginative multi-faceted adventure. F'n rad, and one of Miike's best!",1
"How Tasty Was My Little Frenchman tells a story that is alternately sad, scary and life-affirming. It ends with a brutal finale that you knew had to happen, even though you were hoping--maybe even beleiving--it wouldn't.<br /><br />Utlimately, this is the film's greatest strength: it expertly plays with your emotions and expectations, then drops a bomb on you.<br /><br />I saw this in a film theory class at USC back in the mid-'90s. It is not easy to find, but is definitely worth hunting for.",1
"How Tasty Was My Little Frenchman tells a story that is alternately sad, scary and life-affirming. It ends with a brutal finale that you knew had to happen, even though you were hoping--maybe even beleiving--it wouldn't.<br /><br /> Utlimately, this is the film's greatest strength: it expertly plays with your emotions and expectations, then drops a bomb on you.<br /><br /> I saw this in a film theory class at USC back in the mid-'90s. It is not easy to find, but is definitely worth hunting for.",1
"I Enjoyed Watching This Well Acted Movie Very Much!It Was Well Acted,Particularly By Actress Helen Hunt And Actors Steven Weber And Jeff Fahey.It Was A Very Interesting Movie,Filled With Drama And Suspense,From The Beginning To The Very End.I Reccomend That Everyone Take The Time To Watch This Made For Television Movie,It Is Excellent And Has Great Acting!!",1
"I Enjoyed Watching This Well Acted Movie Very Much!It Was Well Acted,Particularly By Actress Helen Hunt And Actors Steven Weber And Jeff Fahey.It Was A Very Interesting Movie,Filled With Drama And Suspense,From The Beginning To The Very End.I Reccomend That Everyone Take The Time To Watch This Made For Television Movie,It Is Excellent And Has Great Acting!!",1
Smallville episode Justice is the best episode of Smallville ! ! ! ! ! ! ! ! ! ! ! ! ! ! ! ! ! ! ! ! ! ! ! ! ! ! ! ! ! ! ! ! ! ! ! ! ! ! ! ! ! ! ! ! ! ! ! ! ! ! ! ! ! ! ! ! ! ! ! ! ! ! ! ! ! ! ! ! ! ! ! ! ! ! ! ! ! ! ! ! ! ! ! ! ! ! ! ! ! ! ! ! ! ! ! ! ! ! ! ! ! ! ! ! ! ! ! ! ! ! ! ! ! ! ! ! ! ! ! ! ! ! ! ! ! ! ! ! ! ! ! ! ! ! ! ! ! ! ! ! ! ! ! ! It's my favorite episode of Smallville! ! ! ! ! ! ! ! ! ! ! ! ! ! ! ! ! ! ! ! ! ! ! ! ! ! ! ! ! ! ! ! ! ! ! ! ! ! ! ! ! ! ! ! ! ! ! ! ! ! ! ! ! ! ! ! ! ! ! ! ! ! ! ! ! ! ! ! ! ! ! ! ! ! ! ! ! ! ! ! ! ! ! ! ! ! ! ! ! ! ! ! ! ! ! ! ! ! ! ! ! ! ! ! ! ! ! ! ! ! ! ! ! ! ! ! ! ! ! ! ! ! ! ! ! ! ! ! ! ! ! ! ! ! ! ! ! !,1
Smallville episode Justice is the best episode of Smallville ! ! ! ! ! ! ! ! ! ! ! ! ! ! ! ! ! ! ! ! ! ! ! ! ! ! ! ! ! ! ! ! ! ! ! ! ! ! ! ! ! ! ! ! ! ! ! ! ! ! ! ! ! ! ! ! ! ! ! ! ! ! ! ! ! ! ! ! ! ! ! ! ! ! ! ! ! ! ! ! ! ! ! ! ! ! ! ! ! ! ! ! ! ! ! ! ! ! ! ! ! ! ! ! ! ! ! ! ! ! ! ! ! ! ! ! ! ! ! ! ! ! ! ! ! ! ! ! ! ! ! ! ! ! ! ! ! ! ! ! ! ! ! ! It's my favorite episode of Smallville! ! ! ! ! ! ! ! ! ! ! ! ! ! ! ! ! ! ! ! ! ! ! ! ! ! ! ! ! ! ! ! ! ! ! ! ! ! ! ! ! ! ! ! ! ! ! ! ! ! ! ! ! ! ! ! ! ! ! ! ! ! ! ! ! ! ! ! ! ! ! ! ! ! ! ! ! ! ! ! ! ! ! ! ! ! ! ! ! ! ! ! ! ! ! ! ! ! ! ! ! ! ! ! ! ! ! ! ! ! ! ! ! ! ! ! ! ! ! ! ! ! ! ! ! ! ! ! ! ! ! ! ! ! ! ! ! !,1
"I loved this movie. I knew it would be chocked full of camp and silliness like the original series. I found it very heart warming to see Adam West, Burt Ward, Frank Gorshin, and Julie Newmar all back together once again. Anyone who loved the Batman series from the 60's should have enjoyed Return to the Batcave. You could tell the actors had a lot of fun making this film, especially Adam West. And I'll bet he would have gladly jumped back into his Batman costume had the script required him to do so. I told a number of friends about this movie who chose not to view it... now they wished they had. I have all of the original 120 episodes on VHS. Now this movie will join my collection. Thank You for the reunion Adam and Burt.",1
"I loved this movie. I knew it would be chocked full of camp and silliness like the original series. I found it very heart warming to see Adam West, Burt Ward, Frank Gorshin, and Julie Newmar all back together once again. Anyone who loved the Batman series from the 60's should have enjoyed Return to the Batcave. You could tell the actors had a lot of fun making this film, especially Adam West. And I'll bet he would have gladly jumped back into his Batman costume had the script required him to do so. I told a number of friends about this movie who chose not to view it... now they wished they had. I have all of the original 120 episodes on VHS. Now this movie will join my collection. Thank You for the reunion Adam and Burt.",1
"Bette Midler is again Divine! Raunchily humorous. In love with Burlesque. Capable of bringing you down to tears either with old jokes with new dresses or merely with old songs with more power & punch than ever. All in All Singing new ballads, power-singing the good old/perennial ones such as ""The Rose""; ""Stay With Me"" and yes, even ""Wind Beneath My Wings"". The best way to appreciate the Divine Miss M has always been libe - since this is the next best thing to it, I strongly recommended to all with a mixture of adult wide-eyed enchantment and appreciation and a child's mischievous wish for pushing all boundaries!",1
"Bette Midler is indescribable in this concert. She gives her all every time she is on stage. Whether we are laughing at her jokes and antics or dabbing our eyes at the strains of one of her tremendous ballads, Bette Midler moves her audience. If you can't see it live (which is the best way to see Bette) then this is the next best thing. An interesting thing to look at is how incredible her voice has changed and matured over the years but never lost its power. Her more ""vocally correct"" version of ""Stay With Me"" never loses anything in spirit from THE ROSE or DIVINE MADNESS, Here it is just more pure and as heartfelt as ever. I will treasure this concert for a very long time.",1
"Bette Midler showcases her talents and beauty in ""Diva Las Vegas"". I am thrilled that I taped it and I am able to view whenever I want to. She possesses what it takes to keep an audience in captivity. Her voice is as beautiful as ever and will truly impress you. The highlight of the show was her singing ""Stay With Me"" from her 1979 movie ""The Rose"". You can feel the emotion in the song and will end up having goose bumps. The show will leave you with the urge to go out and either rent a Bette Midler movie or go to the nearest music store and purchase one of Bette Midler's albums.",1
"Love it, love it, love it! This is another absolutely superb performance from the Divine Miss M. From the beginning to the end, this is one big treat! Don't rent it- buy it now!",1
"A longtime fan of Bette Midler, I must say her recorded live concerts are my favorites. Bette thrills us with her jokes and brings us to tears with her ballads. A literal rainbow of emotion and talent, Bette shows us her best from her solid repertoire, as well as new songs from the ""Bette of Roses"" album. Spanning generations of people she offers something for everyone. The one and only Divine Diva proves here that she is the most intensely talented performer around.",1
"After losing the Emmy for her performance as Mama Rose in the television version of GYPSY, Bette won an Emmy the following year for BETTE MIDLER: DIVA LAS VEGAS, a live concert special filmed for HBO from Las Vegas. Midler, who has been performing live on stage since the 1970's, proves that she is still one of the most electrifying live performers in the business. From her opening number, her classic ""Friends"", where she descends from the wings atop a beautiful prop cloud, Bette commands the stage with style and charisma from a rap-styled number called ""I Look Good"" she then proves that she has a way with a joke like few other performers in this business as she segues her way through a variety of musical selections. The section of the show where she salutes burlesque goes on a little too long but she does manage to incorporate her old Sophie Tucker jokes here to good advantage (even though she actually forgets one joke in the middle of telling it, but her ad-libbing until she remembers it is hysterical). Bette also treats us to ""Rose's Turn"" from GYPSY and the title tune from her smash film THE ROSE as well as a shameless plug for her hit movie THE FIRST WIVES CLUB. She brings the house down near the end with ""Stay with Me, Baby"" from THE ROSE and her only #1 hit record, ""Wind Beneath My Wings"" from BEACHES. It's a dazzling evening of musical comedy entertainment and for Midler fans, it's a must.",1
"During a Kurt Weill celebration in Brooklyn, WHERE DO WE GO FROM HERE? was finally unearthed for a screening. It is amazing that a motion picture, from any era, that has Weill-Gershwin collaborations can possibly be missing from the screens. The score stands tall, and a CD of the material, with Gershwin and Weill, only underscores its merits, which are considerable. Yes, the film has its problems, but the score is not one of them. Ratoff is not in his element as the director of this musical fantasy, and Fred MacMurray cannot quite grasp the material. Then, too, the 'modern' segment is weakly written. BUT the fantasy elements carry the film to a high mark, as does the work of the two delightful leading ladies - Joan Leslie and June Haver. Both have the charm that this kind of work desperately needs to work. As a World War II salute to our country's history - albeit in a 'never was' framework, the film has its place in Hollywood musical history and should be available for all to see and to find its considerable merits.",1
"During a Kurt Weill celebration in Brooklyn, WHERE DO WE GO FROM HERE? was finally unearthed for a screening. It is amazing that a motion picture, from any era, that has Weill-Gershwin collaborations can possibly be missing from the screens. The score stands tall, and a CD of the material, with Gershwin and Weill, only underscores its merits, which are considerable. Yes, the film has its problems, but the score is not one of them. Ratoff is not in his element as the director of this musical fantasy, and Fred MacMurray cannot quite grasp the material. Then, too, the 'modern' segment is weakly written. BUT the fantasy elements carry the film to a high mark, as does the work of the two delightful leading ladies - Joan Leslie and June Haver. Both have the charm that this kind of work desperately needs to work. As a World War II salute to our country's history - albeit in a 'never was' framework, the film has its place in Hollywood musical history and should be available for all to see and to find its considerable merits.",1
I really enjoyed this movie. The script is fresh and unpredictable and the acting is outstanding.It is a down-to-earth movie with characters one cares about. It brought tears into my eyes a few times but left me with a great feeling afterwards.,1
I really enjoyed this movie. The script is fresh and unpredictable and the acting is outstanding.It is a down-to-earth movie with characters one cares about. It brought tears into my eyes a few times but left me with a great feeling afterwards.,1
"I'm gonna tip the scales here a bit and say I enjoyed this. However, the cartoon is really only going to appeal to those who have very absurdist tendencies. It's definitely something that most people will not get, as is the nature of absurdism.<br /><br />the animation is horrible, but yes, that's the point. The main character is foul mouthed, violent, and stupid. no redeeming qualities whatsoever. his wife shrieks and wails, apparently just barely capable of the most basic communication skills. most of these stories completely lack any kind of point.<br /><br />but again, that's the point ;)<br /><br />If non sequiters, foul language, and complete and utter randomness are your thing, you're going to love this.<br /><br />It is really short, so I would probably rent instead of buying.",1
"I'm gonna tip the scales here a bit and say I enjoyed this. However, the cartoon is really only going to appeal to those who have very absurdist tendencies. It's definitely something that most people will not get, as is the nature of absurdism.<br /><br />the animation is horrible, but yes, that's the point. The main character is foul mouthed, violent, and stupid. no redeeming qualities whatsoever. his wife shrieks and wails, apparently just barely capable of the most basic communication skills. most of these stories completely lack any kind of point.<br /><br />but again, that's the point ;)<br /><br />If non sequiters, foul language, and complete and utter randomness are your thing, you're going to love this.<br /><br />It is really short, so I would probably rent instead of buying.",1
".......Playing Kaddiddlehopper, Col San Fernando, etc. the man was pretty wide ranging and a scream. I love watching him interact w/ Amanda Blake, or Don Knotts or whomever--he clearly was having a ball and I think he made it easier on his guests as well--so long as they Knew ahead of time it wasn't a disciplined, 19 take kind of production. Relax and be loose was clearly the name of the game there.<br /><br />He reminds me of guys like Milton Berle, Benny Hill, maybe Jerry Lewis some too. Great timing, ancient gags that kept audiences in stitches for decades, sheer enjoyment about what he was doing. His sad little clown he played was good too--but in a touching manner.<br /><br />Personally I think he's great, having just bought a two DVD set of his shows from '61 or so, it brings his stuff back in a fond way for me. I can remember seeing him on TV at the end of his run when he was winding up the series in 1971 or so.<br /><br />Check this out if you are a fan or curious. He was a riot.",1
"Red Skelton was still another major star who made the transition from movies to television with ease.<br /><br />His shows certainly brought a laughter to the American households of years back.<br /><br />He would begin the show with an opening monologue. Afterwards, we would have a variety of characters. Remember Gertrude and Heathcliff in the monologue? How can we ever forget San Fernando Red? I remember one episode where as a king Red introduced his queen by referring to her as your fatness.<br /><br />Go know that Red would use his comedic talents to really hide from his tragic life. He lost a son to leukemia at age 11 or so. His wife, Georgia, died by suicide.",1
"I am decidedly not in the target audience for this film. I am a man nearly 50 who has only recently stumbled across the world of independent film. This happened quite by accident, with the discovery of a movie called Clerks late one night on television. The first two things I noticed about that film were that it was 1) technically amateurish and 2) brilliantly written. When I read an interview with the director in the local paper and he said that one of his influences was Clerks, I started to get interesting. When he said his main influence was The Station Agent, a movie I'd seen on DVD a week prior, I decided I had to go and check it out. The result could be described along the same lines as Clerks, although the two films are nothing alike content wise. Both films suffer from technical gaffes that are overcome through amazing writing. Whereas Clerks is a day in the life of a man who has nothing in his life at all and is afraid to ask tough questions about himself and his situation, Less Like Me is about a man who seemingly forces himself to be constantly busy, he's always running one way or another, filling his life with little things so that he will never have to deal with the big ones. The themes and ideas of this film are strong and poignant. I can tell from watching it that not much has changed since I was growing up, young men still have the same problems they always have. The writer dresses up these problems and themes in the modern vernacular, crafts wonderfully honest characters, and has them do completely believable things. As far as indie cinema goes, this may not be perfect from a technical standpoint, but from an artistic one, it is very close.",1
"I am decidedly not in the target audience for this film. I am a man nearly 50 who has only recently stumbled across the world of independent film. This happened quite by accident, with the discovery of a movie called Clerks late one night on television. The first two things I noticed about that film were that it was 1) technically amateurish and 2) brilliantly written. When I read an interview with the director in the local paper and he said that one of his influences was Clerks, I started to get interesting. When he said his main influence was The Station Agent, a movie I'd seen on DVD a week prior, I decided I had to go and check it out. The result could be described along the same lines as Clerks, although the two films are nothing alike content wise. Both films suffer from technical gaffes that are overcome through amazing writing. Whereas Clerks is a day in the life of a man who has nothing in his life at all and is afraid to ask tough questions about himself and his situation, Less Like Me is about a man who seemingly forces himself to be constantly busy, he's always running one way or another, filling his life with little things so that he will never have to deal with the big ones. The themes and ideas of this film are strong and poignant. I can tell from watching it that not much has changed since I was growing up, young men still have the same problems they always have. The writer dresses up these problems and themes in the modern vernacular, crafts wonderfully honest characters, and has them do completely believable things. As far as indie cinema goes, this may not be perfect from a technical standpoint, but from an artistic one, it is very close.",1
"While there aren't any talking animals, big lavish song production numbers, or villians with half white / half black hair ... it does have 1 thing ... realistic people acting normally in a strange circumstance, and Walt & Roy did in their eras with the studio. If you thought think ""The Castaways"" or ""The Island At The Top Of The World"" weren't identical, or you hold them to a higher authority than Atlantis, then your idealism is just as whacked as keeping your kids up till midnight to watch a friggin' cartoon.",1
"While there aren't any talking animals, big lavish song production numbers, or villians with half white / half black hair ... it does have 1 thing ... realistic people acting normally in a strange circumstance, and Walt & Roy did in their eras with the studio. If you thought think ""The Castaways"" or ""The Island At The Top Of The World"" weren't identical, or you hold them to a higher authority than Atlantis, then your idealism is just as whacked as keeping your kids up till midnight to watch a friggin' cartoon.",1
"I used to watch this show when I was a little girl. Although I don't remember much about it, I must say that it was a pretty good show. Also, I don't think I've seen every episode. However, if you ask me, it was still a good show. I vaguely remember the theme song. Everyone was ideally cast, the costume design was great. The performances were top-grade, too. I just hope some network brings this series back one day so that I'll be able to see every episode. Before I wrap this up, I'd like to say that I'll always remember this show in my memory forever, even though I don't think I've seen every episode. Now, in conclusion, when and if this show is ever brought back on the air, I hope that you catch it one day before it goes off the air for good.",1
"Beautiful film, pure Cassavetes style. Gena Rowland gives a stunning performance of a declining actress, dealing with success, aging, loneliness...and alcoholism. She tries to escape her own subconscious ghosts, embodied by the death spectre of a young girl. Acceptance of oneself, of human condition, though its overall difficulties, is the real purpose of the film. The parallel between the theatrical sequences and the film itself are puzzling: it's like if the stage became a way out for the Heroin. If all american movies could only be that top-quality, dealing with human relations on an adult level, not trying to infantilize and standardize feelings... One of the best dramas ever. 10/10.",1
"Beautiful film, pure Cassavetes style. Gena Rowland gives a stunning performance of a declining actress, dealing with success, aging, loneliness...and alcoholism. She tries to escape her own subconscious ghosts, embodied by the death spectre of a young girl. Acceptance of oneself, of human condition, though its overall difficulties, is the real purpose of the film. The parallel between the theatrical sequences and the film itself are puzzling: it's like if the stage became a way out for the Heroin. If all american movies could only be that top-quality, dealing with human relations on an adult level, not trying to infantilize and standardize feelings... One of the best dramas ever. 10/10.",1
"THE JIST: See something else.<br /><br />This film was highly rated by Gene Siskel, but after watching it I can't figure out why. The film is definitely original and different. It even has interesting dialogue at times, some cool moments, and a creepy ""noir"" feel. But it just isn't entertaining. It also doesn't make a whole lot of sense, in plot but especially in character motivations. I don't know anyone that behaves like these characters do.<br /><br />This is a difficult movie to take on -- I suggest you don't accept the challenge.",1
"THE JIST: See something else.<br /><br />This film was highly rated by Gene Siskel, but after watching it I can't figure out why. The film is definitely original and different. It even has interesting dialogue at times, some cool moments, and a creepy ""noir"" feel. But it just isn't entertaining. It also doesn't make a whole lot of sense, in plot but especially in character motivations. I don't know anyone that behaves like these characters do.<br /><br />This is a difficult movie to take on -- I suggest you don't accept the challenge.",1
"If you want Scream or anything like the big-studio horror product that we get forced on us these days don't bother. This well-written film kept me up thinking about all it had to say. Importance of myth in our lives to make it make sense, how children interpret the world (and the violence in it), our ransacking of the environment and ignorance of its history and legends.. all here, but not flatly on the surface. You could technically call it a ""monster movie"" even though the Wendigo does not take physical form until the end, and then it's even up to you and your beliefs as to what's happening with the legendary spirit/beast. Some standard thriller elements for those looking just for the basics and the film never bores, though in fact the less you see of the creature, the better. Fessenden successfully continues George Romero's tradition of using the genre as parable and as a discussion forum while still keeping us creeped out.",1
"If you want Scream or anything like the big-studio horror product that we get forced on us these days don't bother. This well-written film kept me up thinking about all it had to say. Importance of myth in our lives to make it make sense, how children interpret the world (and the violence in it), our ransacking of the environment and ignorance of its history and legends.. all here, but not flatly on the surface. You could technically call it a ""monster movie"" even though the Wendigo does not take physical form until the end, and then it's even up to you and your beliefs as to what's happening with the legendary spirit/beast. Some standard thriller elements for those looking just for the basics and the film never bores, though in fact the less you see of the creature, the better. Fessenden successfully continues George Romero's tradition of using the genre as parable and as a discussion forum while still keeping us creeped out.",1
"The scenes are fast-paced. the characters are great. I love Anne-Marie Johnson's acting. I really like the ending. <br /><br />However, I was disappointed that this movie didn't delve deeper into Achilles's and Athena's relationship. It only blossomed when they kissed each other.",1
"The scenes are fast-paced. the characters are great. I love Anne-Marie Johnson's acting. I really like the ending. <br /><br />However, I was disappointed that this movie didn't delve deeper into Achilles's and Athena's relationship. It only blossomed when they kissed each other.",1
"it's amazing that so many people that i know haven't seen this little gem. everybody i have turned on to it have come back with the same reaction: WHAT A GREAT MOVIE!!<br /><br />i've never much cared for Brad Pitt (though his turns in 12 monkeys and Fight Club show improvement) but his performance in this film as a psycho is unnerving, dark and right on target.<br /><br />everyone else in the film gives excellent performances and the movie's slow and deliberate pacing greatly enhance the proceedings. the sense of dread for the characters keeps increasing as they come to realize what has been really happening.<br /><br />the only thing that keeps this from a 10 in my book, is that compared to what came before it, the ending is a bit too long and overblown. but that's the only flaw i could find in this cult classic.<br /><br />if you check this film out, try to get the letterboxed unrated director's cut for the best viewing option.<br /><br />rating:9",1
"it's amazing that so many people that i know haven't seen this little gem. everybody i have turned on to it have come back with the same reaction: WHAT A GREAT MOVIE!!<br /><br />i've never much cared for Brad Pitt (though his turns in 12 monkeys and Fight Club show improvement) but his performance in this film as a psycho is unnerving, dark and right on target.<br /><br />everyone else in the film gives excellent performances and the movie's slow and deliberate pacing greatly enhance the proceedings. the sense of dread for the characters keeps increasing as they come to realize what has been really happening.<br /><br />the only thing that keeps this from a 10 in my book, is that compared to what came before it, the ending is a bit too long and overblown. but that's the only flaw i could find in this cult classic.<br /><br />if you check this film out, try to get the letterboxed unrated director's cut for the best viewing option.<br /><br />rating:9",1
".......Playing Kaddiddlehopper, Col San Fernando, etc. the man was pretty wide ranging and a scream. I love watching him interact w/ Amanda Blake, or Don Knotts or whomever--he clearly was having a ball and I think he made it easier on his guests as well--so long as they Knew ahead of time it wasn't a disciplined, 19 take kind of production. Relax and be loose was clearly the name of the game there.<br /><br />He reminds me of guys like Milton Berle, Benny Hill, maybe Jerry Lewis some too. Great timing, ancient gags that kept audiences in stitches for decades, sheer enjoyment about what he was doing. His sad little clown he played was good too--but in a touching manner.<br /><br />Personally I think he's great, having just bought a two DVD set of his shows from '61 or so, it brings his stuff back in a fond way for me. I can remember seeing him on TV at the end of his run when he was winding up the series in 1971 or so.<br /><br />Check this out if you are a fan or curious. He was a riot.",1
"Red Skelton was still another major star who made the transition from movies to television with ease.<br /><br />His shows certainly brought a laughter to the American households of years back.<br /><br />He would begin the show with an opening monologue. Afterwards, we would have a variety of characters. Remember Gertrude and Heathcliff in the monologue? How can we ever forget San Fernando Red? I remember one episode where as a king Red introduced his queen by referring to her as your fatness.<br /><br />Go know that Red would use his comedic talents to really hide from his tragic life. He lost a son to leukemia at age 11 or so. His wife, Georgia, died by suicide.",1
"Bette Midler is again Divine! Raunchily humorous. In love with Burlesque. Capable of bringing you down to tears either with old jokes with new dresses or merely with old songs with more power & punch than ever. All in All Singing new ballads, power-singing the good old/perennial ones such as ""The Rose""; ""Stay With Me"" and yes, even ""Wind Beneath My Wings"". The best way to appreciate the Divine Miss M has always been libe - since this is the next best thing to it, I strongly recommended to all with a mixture of adult wide-eyed enchantment and appreciation and a child's mischievous wish for pushing all boundaries!",1
"Bette Midler is indescribable in this concert. She gives her all every time she is on stage. Whether we are laughing at her jokes and antics or dabbing our eyes at the strains of one of her tremendous ballads, Bette Midler moves her audience. If you can't see it live (which is the best way to see Bette) then this is the next best thing. An interesting thing to look at is how incredible her voice has changed and matured over the years but never lost its power. Her more ""vocally correct"" version of ""Stay With Me"" never loses anything in spirit from THE ROSE or DIVINE MADNESS, Here it is just more pure and as heartfelt as ever. I will treasure this concert for a very long time.",1
"Bette Midler showcases her talents and beauty in ""Diva Las Vegas"". I am thrilled that I taped it and I am able to view whenever I want to. She possesses what it takes to keep an audience in captivity. Her voice is as beautiful as ever and will truly impress you. The highlight of the show was her singing ""Stay With Me"" from her 1979 movie ""The Rose"". You can feel the emotion in the song and will end up having goose bumps. The show will leave you with the urge to go out and either rent a Bette Midler movie or go to the nearest music store and purchase one of Bette Midler's albums.",1
"Love it, love it, love it! This is another absolutely superb performance from the Divine Miss M. From the beginning to the end, this is one big treat! Don't rent it- buy it now!",1
"A longtime fan of Bette Midler, I must say her recorded live concerts are my favorites. Bette thrills us with her jokes and brings us to tears with her ballads. A literal rainbow of emotion and talent, Bette shows us her best from her solid repertoire, as well as new songs from the ""Bette of Roses"" album. Spanning generations of people she offers something for everyone. The one and only Divine Diva proves here that she is the most intensely talented performer around.",1
"After losing the Emmy for her performance as Mama Rose in the television version of GYPSY, Bette won an Emmy the following year for BETTE MIDLER: DIVA LAS VEGAS, a live concert special filmed for HBO from Las Vegas. Midler, who has been performing live on stage since the 1970's, proves that she is still one of the most electrifying live performers in the business. From her opening number, her classic ""Friends"", where she descends from the wings atop a beautiful prop cloud, Bette commands the stage with style and charisma from a rap-styled number called ""I Look Good"" she then proves that she has a way with a joke like few other performers in this business as she segues her way through a variety of musical selections. The section of the show where she salutes burlesque goes on a little too long but she does manage to incorporate her old Sophie Tucker jokes here to good advantage (even though she actually forgets one joke in the middle of telling it, but her ad-libbing until she remembers it is hysterical). Bette also treats us to ""Rose's Turn"" from GYPSY and the title tune from her smash film THE ROSE as well as a shameless plug for her hit movie THE FIRST WIVES CLUB. She brings the house down near the end with ""Stay with Me, Baby"" from THE ROSE and her only #1 hit record, ""Wind Beneath My Wings"" from BEACHES. It's a dazzling evening of musical comedy entertainment and for Midler fans, it's a must.",1
"Though structured totally different from the book by Tim Krabbé who wrote the original 'The Vanishing' (Spoorloos) it does have the same overall feel, except for that Koolhoven's style is less business-like and more lyric. The beginning is great, the middle is fine, but the sting is in the end. A surprise emotional ending. As you could read in several magazines there is some sex in the film, but it is done all very beautifully. Never explicit, but with lots of warmth and sometimes even humour. It is a shame American films can't be as open an honoust as this one. Where Dutch films tend to go just over the edge when it comes to this subject, 'De Grot' stays always within the boundaries of good taste. 'De Grot' tells an amazing story stretched over more than 30 years. When you'll leave the cinema you'll be moved. What can we ask more of a film? Anyway, this film even gives more....",1
"Though structured totally different from the book by Tim Krabbé who wrote the original 'The Vanishing' (Spoorloos) it does have the same overall feel, except for that Koolhoven's style is less business-like and more lyric. The beginning is great, the middle is fine, but the sting is in the end. A surprise emotional ending. As you could read in several magazines there is some sex in the film, but it is done all very beautifully. Never explicit, but with lots of warmth and sometimes even humour. It is a shame American films can't be as open an honoust as this one. Where Dutch films tend to go just over the edge when it comes to this subject, 'De Grot' stays always within the boundaries of good taste. 'De Grot' tells an amazing story stretched over more than 30 years. When you'll leave the cinema you'll be moved. What can we ask more of a film? Anyway, this film even gives more....",1
"Everyone knows about this ''Zero Day'' event. What I think this movie did that Elephant did not is that they made us see how these guys were. They showed their life for about a year. Throughout the movie we get to like them, to laugh with them even though we totally know what they're gonna do. And THAT gives me the chills. Cause I felt guilty to be cheered by their comments, and I just thought Cal was a sweet guy. Even though I KNEW what was gonna happen you know? Even at the end of the movie when they were about to commit suicide and just deciding if they did it on the count of 3 or 4 I thought this was funny but still I was horrified to see their heads blown off. Of course I was. I got to like them. They were wicked, maybe, but I felt like they were really normal guys, that they didn't really realize it. But I knew they were.<br /><br />That's, IMO, the main force of this movie. It makes us realize that our friends, or relatives, or anyone, can be planning something crazy, and that we won't even notice it. This movie, as good as it was, made me feel bad. And that's why I can't go to sleep right now. There's still this little feeling in my stomach. Butterflies.",1
"Everyone knows about this ''Zero Day'' event. What I think this movie did that Elephant did not is that they made us see how these guys were. They showed their life for about a year. Throughout the movie we get to like them, to laugh with them even though we totally know what they're gonna do. And THAT gives me the chills. Cause I felt guilty to be cheered by their comments, and I just thought Cal was a sweet guy. Even though I KNEW what was gonna happen you know? Even at the end of the movie when they were about to commit suicide and just deciding if they did it on the count of 3 or 4 I thought this was funny but still I was horrified to see their heads blown off. Of course I was. I got to like them. They were wicked, maybe, but I felt like they were really normal guys, that they didn't really realize it. But I knew they were.<br /><br />That's, IMO, the main force of this movie. It makes us realize that our friends, or relatives, or anyone, can be planning something crazy, and that we won't even notice it. This movie, as good as it was, made me feel bad. And that's why I can't go to sleep right now. There's still this little feeling in my stomach. Butterflies.",1
"One of Disney's best films that I can enjoy watching often. you may easily guess the outcome, but who cares? its just plain fun escape for 1 hour forty-two minutes. and after all wasn't movies meant to get away from reality for just a short time anyway? The cast sparkles with delight. -magictrain",1
"One of Disney's best films that I can enjoy watching often. you may easily guess the outcome, but who cares? its just plain fun escape for 1 hour forty-two minutes. and after all wasn't movies meant to get away from reality for just a short time anyway? The cast sparkles with delight. -magictrain",1
"I used to watch this show when I was a little girl. Although I don't remember much about it, I must say that it was a pretty good show. Also, I don't think I've seen every episode. However, if you ask me, it was still a good show. I vaguely remember the theme song. Everyone was ideally cast, the costume design was great. The performances were top-grade, too. I just hope some network brings this series back one day so that I'll be able to see every episode. Before I wrap this up, I'd like to say that I'll always remember this show in my memory forever, even though I don't think I've seen every episode. Now, in conclusion, when and if this show is ever brought back on the air, I hope that you catch it one day before it goes off the air for good.",1
